"","source","type","lang","value","id"
"1","nvd@nist.gov","Primary","en","NVD-CWE-Other","CVE-1999-0095"
"2","nvd@nist.gov","Primary","en","NVD-CWE-Other","CVE-1999-0095"
"3","nvd@nist.gov","Primary","en","NVD-CWE-Other","CVE-1999-0082"
"4","nvd@nist.gov","Primary","en","NVD-CWE-Other","CVE-1999-1471"
"5","nvd@nist.gov","Primary","en","NVD-CWE-Other","CVE-1999-1122"
"6","nvd@nist.gov","Primary","en","NVD-CWE-Other","CVE-1999-1467"
"7","nvd@nist.gov","Primary","en","NVD-CWE-Other","CVE-1999-1506"
"8","nvd@nist.gov","Primary","en","NVD-CWE-Other","CVE-1999-0084"
"9","nvd@nist.gov","Primary","en","NVD-CWE-Other","CVE-2000-0388"
"10","nvd@nist.gov","Primary","en","NVD-CWE-Other","CVE-1999-0209"
"11","nvd@nist.gov","Primary","en","NVD-CWE-Other","CVE-1999-1198"
"12","nvd@nist.gov","Primary","en","NVD-CWE-Other","CVE-1999-1391"
"13","nvd@nist.gov","Primary","en","NVD-CWE-Other","CVE-1999-1392"
"14","nvd@nist.gov","Primary","en","NVD-CWE-Other","CVE-1999-1392"
"15","nvd@nist.gov","Primary","en","NVD-CWE-Other","CVE-1999-1057"
"16","nvd@nist.gov","Primary","en","NVD-CWE-Other","CVE-1999-1554"
"17","nvd@nist.gov","Primary","en","NVD-CWE-Other","CVE-1999-1197"
"18","nvd@nist.gov","Primary","en","NVD-CWE-Other","CVE-1999-1115"
"19","nvd@nist.gov","Primary","en","NVD-CWE-Other","CVE-1999-1258"
"20","nvd@nist.gov","Primary","en","NVD-CWE-Other","CVE-1999-1438"
"21","nvd@nist.gov","Primary","en","NVD-CWE-Other","CVE-1999-1211"
"22","nvd@nist.gov","Primary","en","NVD-CWE-Other","CVE-1999-1212"
"23","nvd@nist.gov","Primary","en","NVD-CWE-Other","CVE-1999-1194"
"24","nvd@nist.gov","Primary","en","NVD-CWE-Other","CVE-1999-1194"
"25","nvd@nist.gov","Primary","en","NVD-CWE-Other","CVE-1999-1193"
"26","nvd@nist.gov","Primary","en","NVD-CWE-Other","CVE-1999-1123"
"27","nvd@nist.gov","Primary","en","NVD-CWE-Other","CVE-1999-1034"
"28","nvd@nist.gov","Primary","en","NVD-CWE-Other","CVE-1999-1415"
"29","nvd@nist.gov","Primary","en","NVD-CWE-Other","CVE-1999-1090"
"30","nvd@nist.gov","Primary","en","NVD-CWE-Other","CVE-1999-0498"
"31","nvd@nist.gov","Primary","en","NVD-CWE-Other","CVE-1999-1468"
"32","nvd@nist.gov","Primary","en","NVD-CWE-Other","CVE-1999-0167"
"33","nvd@nist.gov","Primary","en","NVD-CWE-Other","CVE-1999-1493"
"34","nvd@nist.gov","Primary","en","NVD-CWE-Other","CVE-1999-1032"
"35","nvd@nist.gov","Primary","en","NVD-CWE-Other","CVE-1999-1059"
"36","nvd@nist.gov","Primary","en","NVD-CWE-Other","CVE-1999-0627"
"37","nvd@nist.gov","Primary","en","NVD-CWE-Other","CVE-1999-1121"
"38","nvd@nist.gov","Primary","en","NVD-CWE-Other","CVE-1999-0117"
"39","nvd@nist.gov","Primary","en","NVD-CWE-Other","CVE-1999-1119"
"40","nvd@nist.gov","Primary","en","NVD-CWE-Other","CVE-1999-1142"
"41","nvd@nist.gov","Primary","en","NVD-CWE-Other","CVE-1999-0168"
"42","nvd@nist.gov","Primary","en","NVD-CWE-Other","CVE-1999-0214"
"43","nvd@nist.gov","Primary","en","NVD-CWE-Other","CVE-1999-1396"
"44","nvd@nist.gov","Primary","en","NVD-CWE-Other","CVE-1999-1395"
"45","nvd@nist.gov","Primary","en","NVD-CWE-Other","CVE-1999-1306"
"46","nvd@nist.gov","Primary","en","NVD-CWE-Other","CVE-1999-1466"
"47","nvd@nist.gov","Primary","en","NVD-CWE-Other","CVE-1999-1021"
"48","nvd@nist.gov","Primary","en","NVD-CWE-Other","CVE-1999-0312"
"49","nvd@nist.gov","Primary","en","NVD-CWE-Other","CVE-1999-1507"
"50","nvd@nist.gov","Primary","en","NVD-CWE-Other","CVE-1999-1218"
"51","nvd@nist.gov","Primary","en","NVD-CWE-Other","CVE-1999-1312"
"52","nvd@nist.gov","Primary","en","NVD-CWE-Other","CVE-1999-1216"
"53","nvd@nist.gov","Primary","en","NVD-CWE-Other","CVE-1999-1162"
"54","nvd@nist.gov","Primary","en","NVD-CWE-Other","CVE-1999-0124"
"55","nvd@nist.gov","Primary","en","NVD-CWE-Other","CVE-1999-1215"
"56","nvd@nist.gov","Primary","en","NVD-CWE-Other","CVE-1999-1138"
"57","nvd@nist.gov","Primary","en","NVD-CWE-Other","CVE-1999-1318"
"58","nvd@nist.gov","Primary","en","NVD-CWE-Other","CVE-1999-0145"
"59","nvd@nist.gov","Primary","en","NVD-CWE-Other","CVE-1999-0145"
"60","nvd@nist.gov","Primary","en","NVD-CWE-Other","CVE-1999-1137"
"61","nvd@nist.gov","Primary","en","NVD-CWE-Other","CVE-1999-0334"
"62","nvd@nist.gov","Primary","en","NVD-CWE-Other","CVE-1999-0181"
"63","nvd@nist.gov","Primary","en","NVD-CWE-Other","CVE-1999-1242"
"64","nvd@nist.gov","Primary","en","NVD-CWE-Other","CVE-1999-0211"
"65","nvd@nist.gov","Primary","en","NVD-CWE-Other","CVE-1999-0338"
"66","nvd@nist.gov","Primary","en","NVD-CWE-Other","CVE-1999-0120"
"67","nvd@nist.gov","Primary","en","NVD-CWE-Other","CVE-1999-1135"
"68","nvd@nist.gov","Primary","en","NVD-CWE-Other","CVE-1999-1146"
"69","nvd@nist.gov","Primary","en","NVD-CWE-Other","CVE-1999-1388"
"70","nvd@nist.gov","Primary","en","NVD-CWE-Other","CVE-1999-1134"
"71","nvd@nist.gov","Primary","en","NVD-CWE-Other","CVE-1999-0113"
"72","nvd@nist.gov","Primary","en","NVD-CWE-Other","CVE-1999-0423"
"73","nvd@nist.gov","Primary","en","NVD-CWE-Other","CVE-1999-0337"
"74","nvd@nist.gov","Primary","en","NVD-CWE-Other","CVE-1999-0207"
"75","nvd@nist.gov","Primary","en","NVD-CWE-Other","CVE-1999-1239"
"76","nvd@nist.gov","Primary","en","NVD-CWE-Other","CVE-1999-1552"
"77","nvd@nist.gov","Primary","en","NVD-CWE-Other","CVE-1999-1494"
"78","nvd@nist.gov","Primary","en","NVD-CWE-Other","CVE-1999-1219"
"79","nvd@nist.gov","Primary","en","NVD-CWE-Other","CVE-1999-1238"
"80","nvd@nist.gov","Primary","en","NVD-CWE-Other","CVE-1999-1022"
"81","nvd@nist.gov","Primary","en","NVD-CWE-Other","CVE-1999-1248"
"82","nvd@nist.gov","Primary","en","NVD-CWE-noinfo","CVE-1999-1302"
"83","nvd@nist.gov","Primary","en","NVD-CWE-Other","CVE-1999-1303"
"84","nvd@nist.gov","Primary","en","NVD-CWE-Other","CVE-1999-1304"
"85","nvd@nist.gov","Primary","en","NVD-CWE-Other","CVE-1999-1305"
"86","nvd@nist.gov","Primary","en","NVD-CWE-Other","CVE-2000-0508"
"87","nvd@nist.gov","Primary","en","NVD-CWE-Other","CVE-1999-0077"
"88","nvd@nist.gov","Primary","en","NVD-CWE-Other","CVE-1999-0232"
"89","nvd@nist.gov","Primary","en","NVD-CWE-Other","CVE-1999-0235"
"90","nvd@nist.gov","Primary","en","NVD-CWE-Other","CVE-1999-0242"
"91","nvd@nist.gov","Primary","en","NVD-CWE-Other","CVE-1999-1098"
"92","nvd@nist.gov","Primary","en","NVD-CWE-Other","CVE-1999-1243"
"93","nvd@nist.gov","Primary","en","NVD-CWE-Other","CVE-1999-0151"
"94","nvd@nist.gov","Primary","en","NVD-CWE-Other","CVE-1999-1080"
"95","nvd@nist.gov","Primary","en","NVD-CWE-Other","CVE-1999-0066"
"96","nvd@nist.gov","Primary","en","NVD-CWE-Other","CVE-1999-0161"
"97","nvd@nist.gov","Primary","en","NVD-CWE-Other","CVE-1999-0172"
"98","nvd@nist.gov","Primary","en","NVD-CWE-Other","CVE-1999-0203"
"99","nvd@nist.gov","Primary","en","NVD-CWE-Other","CVE-1999-1580"
"100","nvd@nist.gov","Primary","en","NVD-CWE-Other","CVE-1999-0164"
"101","nvd@nist.gov","Primary","en","NVD-CWE-Other","CVE-1999-0155"
"102","nvd@nist.gov","Primary","en","NVD-CWE-Other","CVE-1999-0245"
"103","nvd@nist.gov","Primary","en","NVD-CWE-Other","CVE-1999-0218"
"104","nvd@nist.gov","Primary","en","NVD-CWE-Other","CVE-1999-0073"
"105","nvd@nist.gov","Primary","en","NVD-CWE-Other","CVE-1999-0099"
"106","nvd@nist.gov","Primary","en","NVD-CWE-Other","CVE-1999-0241"
"107","nvd@nist.gov","Primary","en","NVD-CWE-Other","CVE-1999-0080"
"108","nvd@nist.gov","Primary","en","NVD-CWE-Other","CVE-1999-0123"
"109","nvd@nist.gov","Primary","en","NVD-CWE-Other","CVE-1999-0316"
"110","nvd@nist.gov","Primary","en","NVD-CWE-Other","CVE-1999-0325"
"111","nvd@nist.gov","Primary","en","NVD-CWE-Other","CVE-1999-0208"
"112","nvd@nist.gov","Primary","en","NVD-CWE-Other","CVE-1999-1186"
"113","nvd@nist.gov","Primary","en","NVD-CWE-Other","CVE-1999-1319"
"114","nvd@nist.gov","Primary","en","NVD-CWE-Other","CVE-1999-1491"
"115","nvd@nist.gov","Primary","en","NVD-CWE-Other","CVE-1999-0103"
"116","nvd@nist.gov","Primary","en","NVD-CWE-Other","CVE-1999-0143"
"117","nvd@nist.gov","Primary","en","NVD-CWE-Other","CVE-1999-0233"
"118","nvd@nist.gov","Primary","en","NVD-CWE-Other","CVE-1999-0142"
"119","nvd@nist.gov","Primary","en","NVD-CWE-Other","CVE-1999-0067"
"120","nvd@nist.gov","Primary","en","NVD-CWE-Other","CVE-1999-0141"
"121","nvd@nist.gov","Primary","en","NVD-CWE-noinfo","CVE-1999-0070"
"122","nvd@nist.gov","Primary","en","NVD-CWE-Other","CVE-1999-1103"
"123","nvd@nist.gov","Primary","en","NVD-CWE-Other","CVE-1999-0078"
"124","nvd@nist.gov","Primary","en","NVD-CWE-Other","CVE-1999-0019"
"125","nvd@nist.gov","Primary","en","NVD-CWE-Other","CVE-1999-1314"
"126","nvd@nist.gov","Primary","en","NVD-CWE-Other","CVE-1999-1313"
"127","nvd@nist.gov","Primary","en","NVD-CWE-Other","CVE-1999-0522"
"128","nvd@nist.gov","Primary","en","CWE-94","CVE-1999-0509"
"129","nvd@nist.gov","Primary","en","NVD-CWE-Other","CVE-1999-1205"
"130","nvd@nist.gov","Primary","en","NVD-CWE-Other","CVE-1999-1253"
"131","nvd@nist.gov","Primary","en","NVD-CWE-Other","CVE-1999-0138"
"132","nvd@nist.gov","Primary","en","NVD-CWE-Other","CVE-1999-0175"
"133","nvd@nist.gov","Primary","en","NVD-CWE-Other","CVE-1999-0022"
"134","nvd@nist.gov","Primary","en","NVD-CWE-Other","CVE-1999-0137"
"135","nvd@nist.gov","Primary","en","NVD-CWE-Other","CVE-1999-1301"
"136","nvd@nist.gov","Primary","en","NVD-CWE-Other","CVE-1999-1572"
"137","nvd@nist.gov","Primary","en","NVD-CWE-Other","CVE-1999-0023"
"138","nvd@nist.gov","Primary","en","NVD-CWE-Other","CVE-1999-0135"
"139","nvd@nist.gov","Primary","en","NVD-CWE-Other","CVE-1999-0136"
"140","nvd@nist.gov","Primary","en","NVD-CWE-Other","CVE-1999-1413"
"141","nvd@nist.gov","Primary","en","NVD-CWE-Other","CVE-1999-0134"
"142","nvd@nist.gov","Primary","en","NVD-CWE-Other","CVE-1999-0133"
"143","nvd@nist.gov","Primary","en","NVD-CWE-Other","CVE-1999-0132"
"144","nvd@nist.gov","Primary","en","NVD-CWE-Other","CVE-1999-0085"
"145","nvd@nist.gov","Primary","en","NVD-CWE-Other","CVE-1999-1187"
"146","nvd@nist.gov","Primary","en","NVD-CWE-Other","CVE-1999-1309"
"147","nvd@nist.gov","Primary","en","NVD-CWE-Other","CVE-1999-0324"
"148","nvd@nist.gov","Primary","en","NVD-CWE-Other","CVE-1999-1252"
"149","nvd@nist.gov","Primary","en","NVD-CWE-Other","CVE-1999-0131"
"150","nvd@nist.gov","Primary","en","CWE-264","CVE-1999-1383"
"151","nvd@nist.gov","Primary","en","NVD-CWE-Other","CVE-1999-1295"
"152","nvd@nist.gov","Primary","en","NVD-CWE-Other","CVE-1999-0116"
"153","nvd@nist.gov","Primary","en","NVD-CWE-Other","CVE-1999-0961"
"154","nvd@nist.gov","Primary","en","NVD-CWE-Other","CVE-1999-0206"
"155","nvd@nist.gov","Primary","en","NVD-CWE-Other","CVE-1999-0246"
"156","nvd@nist.gov","Primary","en","NVD-CWE-Other","CVE-1999-0308"
"157","nvd@nist.gov","Primary","en","NVD-CWE-Other","CVE-1999-0319"
"158","nvd@nist.gov","Primary","en","NVD-CWE-Other","CVE-1999-0234"
"159","nvd@nist.gov","Primary","en","NVD-CWE-Other","CVE-1999-0075"
"160","nvd@nist.gov","Primary","en","NVD-CWE-Other","CVE-1999-0032"
"161","nvd@nist.gov","Primary","en","NVD-CWE-Other","CVE-1999-0277"
"162","nvd@nist.gov","Primary","en","NVD-CWE-Other","CVE-1999-1384"
"163","nvd@nist.gov","Primary","en","NVD-CWE-Other","CVE-1999-0311"
"164","nvd@nist.gov","Primary","en","NVD-CWE-Other","CVE-1999-0336"
"165","nvd@nist.gov","Primary","en","NVD-CWE-Other","CVE-1999-1161"
"166","nvd@nist.gov","Primary","en","NVD-CWE-Other","CVE-1999-0130"
"167","nvd@nist.gov","Primary","en","NVD-CWE-Other","CVE-1999-1221"
"168","nvd@nist.gov","Primary","en","NVD-CWE-Other","CVE-1999-1099"
"169","nvd@nist.gov","Primary","en","NVD-CWE-Other","CVE-1999-1240"
"170","nvd@nist.gov","Primary","en","NVD-CWE-Other","CVE-1999-0050"
"171","nvd@nist.gov","Primary","en","NVD-CWE-Other","CVE-1999-0044"
"172","nvd@nist.gov","Primary","en","NVD-CWE-Other","CVE-1999-0129"
"173","nvd@nist.gov","Primary","en","NVD-CWE-Other","CVE-1999-0043"
"174","nvd@nist.gov","Primary","en","NVD-CWE-Other","CVE-1999-1401"
"175","nvd@nist.gov","Primary","en","NVD-CWE-Other","CVE-1999-0045"
"176","nvd@nist.gov","Primary","en","NVD-CWE-Other","CVE-1999-0096"
"177","nvd@nist.gov","Primary","en","NVD-CWE-Other","CVE-1999-0101"
"178","nvd@nist.gov","Primary","en","NVD-CWE-Other","CVE-1999-0297"
"179","nvd@nist.gov","Primary","en","NVD-CWE-Other","CVE-1999-1089"
"180","nvd@nist.gov","Primary","en","NVD-CWE-Other","CVE-1999-0128"
"181","nvd@nist.gov","Primary","en","NVD-CWE-Other","CVE-1999-0127"
"182","nvd@nist.gov","Primary","en","NVD-CWE-Other","CVE-1999-1385"
"183","nvd@nist.gov","Primary","en","NVD-CWE-Other","CVE-1999-1026"
"184","nvd@nist.gov","Primary","en","NVD-CWE-Other","CVE-1999-0260"
"185","nvd@nist.gov","Primary","en","NVD-CWE-Other","CVE-1999-1251"
"186","nvd@nist.gov","Primary","en","NVD-CWE-Other","CVE-1999-0100"
"187","nvd@nist.gov","Primary","en","NVD-CWE-Other","CVE-1999-0163"
"188","nvd@nist.gov","Primary","en","NVD-CWE-Other","CVE-1999-0166"
"189","nvd@nist.gov","Primary","en","NVD-CWE-Other","CVE-1999-0170"
"190","nvd@nist.gov","Primary","en","NVD-CWE-Other","CVE-1999-0171"
"191","nvd@nist.gov","Primary","en","NVD-CWE-Other","CVE-1999-0173"
"192","nvd@nist.gov","Primary","en","NVD-CWE-Other","CVE-1999-0178"
"193","nvd@nist.gov","Primary","en","CWE-17","CVE-1999-0179"
"194","nvd@nist.gov","Primary","en","NVD-CWE-Other","CVE-1999-0180"
"195","nvd@nist.gov","Primary","en","NVD-CWE-Other","CVE-1999-0201"
"196","nvd@nist.gov","Primary","en","NVD-CWE-Other","CVE-1999-0202"
"197","nvd@nist.gov","Primary","en","NVD-CWE-Other","CVE-1999-0204"
"198","nvd@nist.gov","Primary","en","NVD-CWE-Other","CVE-1999-0217"
"199","nvd@nist.gov","Primary","en","CWE-200","CVE-1999-0236"
"200","nvd@nist.gov","Primary","en","NVD-CWE-Other","CVE-1999-0249"
"201","nvd@nist.gov","Primary","en","NVD-CWE-Other","CVE-1999-0251"
"202","nvd@nist.gov","Primary","en","NVD-CWE-Other","CVE-1999-0252"
"203","nvd@nist.gov","Primary","en","NVD-CWE-Other","CVE-1999-0253"
"204","nvd@nist.gov","Primary","en","CWE-20","CVE-1999-0265"
"205","nvd@nist.gov","Primary","en","NVD-CWE-Other","CVE-1999-0274"
"206","nvd@nist.gov","Primary","en","NVD-CWE-Other","CVE-1999-0345"
"207","nvd@nist.gov","Primary","en","CWE-264","CVE-1999-0496"
"208","nvd@nist.gov","Primary","en","NVD-CWE-Other","CVE-1999-0499"
"209","nvd@nist.gov","Primary","en","NVD-CWE-Other","CVE-1999-0503"
"210","nvd@nist.gov","Primary","en","NVD-CWE-Other","CVE-1999-0504"
"211","nvd@nist.gov","Primary","en","NVD-CWE-Other","CVE-1999-0510"
"212","nvd@nist.gov","Primary","en","NVD-CWE-Other","CVE-1999-0511"
"213","nvd@nist.gov","Primary","en","NVD-CWE-Other","CVE-1999-0517"
"214","nvd@nist.gov","Primary","en","NVD-CWE-Other","CVE-1999-0518"
"215","nvd@nist.gov","Primary","en","NVD-CWE-Other","CVE-1999-0519"
"216","nvd@nist.gov","Primary","en","NVD-CWE-Other","CVE-1999-0521"
"217","nvd@nist.gov","Primary","en","NVD-CWE-Other","CVE-1999-0525"
"218","nvd@nist.gov","Primary","en","NVD-CWE-Other","CVE-1999-0534"
"219","nvd@nist.gov","Primary","en","NVD-CWE-Other","CVE-1999-0535"
"220","nvd@nist.gov","Primary","en","NVD-CWE-Other","CVE-1999-0550"
"221","nvd@nist.gov","Primary","en","NVD-CWE-Other","CVE-1999-0562"
"222","nvd@nist.gov","Primary","en","NVD-CWE-Other","CVE-1999-0572"
"223","nvd@nist.gov","Primary","en","NVD-CWE-Other","CVE-1999-0575"
"224","nvd@nist.gov","Primary","en","NVD-CWE-Other","CVE-1999-0576"
"225","nvd@nist.gov","Primary","en","NVD-CWE-Other","CVE-1999-0582"
"226","nvd@nist.gov","Primary","en","NVD-CWE-Other","CVE-1999-0626"
"227","nvd@nist.gov","Primary","en","NVD-CWE-Other","CVE-1999-1120"
"228","nvd@nist.gov","Primary","en","NVD-CWE-Other","CVE-1999-0051"
"229","nvd@nist.gov","Primary","en","NVD-CWE-Other","CVE-1999-1249"
"230","nvd@nist.gov","Primary","en","NVD-CWE-Other","CVE-1999-1145"
"231","nvd@nist.gov","Primary","en","NVD-CWE-Other","CVE-1999-1311"
"232","nvd@nist.gov","Primary","en","NVD-CWE-Other","CVE-1999-0049"
"233","nvd@nist.gov","Primary","en","NVD-CWE-Other","CVE-1999-1088"
"234","nvd@nist.gov","Primary","en","NVD-CWE-Other","CVE-1999-0081"
"235","nvd@nist.gov","Primary","en","NVD-CWE-Other","CVE-1999-0048"
"236","nvd@nist.gov","Primary","en","NVD-CWE-Other","CVE-1999-0966"
"237","nvd@nist.gov","Primary","en","NVD-CWE-Other","CVE-1999-0047"
"238","nvd@nist.gov","Primary","en","NVD-CWE-Other","CVE-1999-1144"
"239","nvd@nist.gov","Primary","en","NVD-CWE-Other","CVE-1999-0174"
"240","nvd@nist.gov","Primary","en","NVD-CWE-Other","CVE-1999-0309"
"241","nvd@nist.gov","Primary","en","NVD-CWE-Other","CVE-1999-0369"
"242","nvd@nist.gov","Primary","en","NVD-CWE-Other","CVE-1999-0959"
"243","nvd@nist.gov","Primary","en","NVD-CWE-Other","CVE-1999-1160"
"244","nvd@nist.gov","Primary","en","NVD-CWE-Other","CVE-1999-1299"
"245","nvd@nist.gov","Primary","en","NVD-CWE-Other","CVE-1999-0298"
"246","nvd@nist.gov","Primary","en","NVD-CWE-Other","CVE-1999-0046"
"247","nvd@nist.gov","Primary","en","NVD-CWE-noinfo","CVE-1999-0228"
"248","nvd@nist.gov","Primary","en","NVD-CWE-Other","CVE-1999-0109"
"249","nvd@nist.gov","Primary","en","NVD-CWE-Other","CVE-1999-0041"
"250","nvd@nist.gov","Primary","en","NVD-CWE-Other","CVE-1999-0868"
"251","nvd@nist.gov","Primary","en","NVD-CWE-Other","CVE-1999-0105"
"252","nvd@nist.gov","Primary","en","NVD-CWE-Other","CVE-1999-0106"
"253","nvd@nist.gov","Primary","en","NVD-CWE-Other","CVE-1999-0165"
"254","nvd@nist.gov","Primary","en","NVD-CWE-Other","CVE-1999-0318"
"255","nvd@nist.gov","Primary","en","NVD-CWE-Other","CVE-1999-0612"
"256","nvd@nist.gov","Primary","en","NVD-CWE-Other","CVE-1999-1128"
"257","nvd@nist.gov","Primary","en","NVD-CWE-Other","CVE-1999-1489"
"258","nvd@nist.gov","Primary","en","NVD-CWE-Other","CVE-1999-0299"
"259","nvd@nist.gov","Primary","en","NVD-CWE-Other","CVE-1999-1408"
"260","nvd@nist.gov","Primary","en","NVD-CWE-Other","CVE-1999-1525"
"261","nvd@nist.gov","Primary","en","NVD-CWE-Other","CVE-1999-0280"
"262","nvd@nist.gov","Primary","en","NVD-CWE-Other","CVE-1999-0292"
"263","nvd@nist.gov","Primary","en","NVD-CWE-Other","CVE-1999-0315"
"264","nvd@nist.gov","Primary","en","NVD-CWE-Other","CVE-1999-1387"
"265","nvd@nist.gov","Primary","en","NVD-CWE-Other","CVE-1999-0042"
"266","nvd@nist.gov","Primary","en","NVD-CWE-Other","CVE-1999-1298"
"267","nvd@nist.gov","Primary","en","NVD-CWE-Other","CVE-1999-0058"
"268","nvd@nist.gov","Primary","en","NVD-CWE-Other","CVE-1999-0149"
"269","nvd@nist.gov","Primary","en","NVD-CWE-Other","CVE-1999-0038"
"270","nvd@nist.gov","Primary","en","NVD-CWE-Other","CVE-1999-1296"
"271","nvd@nist.gov","Primary","en","NVD-CWE-Other","CVE-1999-0040"
"272","nvd@nist.gov","Primary","en","NVD-CWE-Other","CVE-1999-0112"
"273","nvd@nist.gov","Primary","en","NVD-CWE-Other","CVE-1999-1116"
"274","nvd@nist.gov","Primary","en","NVD-CWE-Other","CVE-1999-1380"
"275","nvd@nist.gov","Primary","en","NVD-CWE-Other","CVE-1999-1267"
"276","nvd@nist.gov","Primary","en","NVD-CWE-Other","CVE-1999-0039"
"277","nvd@nist.gov","Primary","en","NVD-CWE-Other","CVE-1999-1067"
"278","nvd@nist.gov","Primary","en","NVD-CWE-Other","CVE-1999-1398"
"279","nvd@nist.gov","Primary","en","NVD-CWE-Other","CVE-1999-1461"
"280","nvd@nist.gov","Primary","en","NVD-CWE-Other","CVE-1999-1286"
"281","nvd@nist.gov","Primary","en","NVD-CWE-Other","CVE-1999-1410"
"282","nvd@nist.gov","Primary","en","NVD-CWE-Other","CVE-1999-1158"
"283","nvd@nist.gov","Primary","en","NVD-CWE-Other","CVE-1999-1184"
"284","nvd@nist.gov","Primary","en","NVD-CWE-Other","CVE-1999-0962"
"285","nvd@nist.gov","Primary","en","NVD-CWE-Other","CVE-1999-1141"
"286","nvd@nist.gov","Primary","en","NVD-CWE-Other","CVE-1999-1232"
"287","nvd@nist.gov","Primary","en","NVD-CWE-Other","CVE-1999-1402"
"288","nvd@nist.gov","Primary","en","NVD-CWE-Other","CVE-1999-1191"
"289","nvd@nist.gov","Primary","en","NVD-CWE-Other","CVE-1999-1449"
"290","nvd@nist.gov","Primary","en","NVD-CWE-Other","CVE-1999-0037"
"291","nvd@nist.gov","Primary","en","NVD-CWE-Other","CVE-1999-0259"
"292","nvd@nist.gov","Primary","en","NVD-CWE-Other","CVE-1999-0036"
"293","nvd@nist.gov","Primary","en","NVD-CWE-Other","CVE-1999-0064"
"294","nvd@nist.gov","Primary","en","NVD-CWE-Other","CVE-1999-1143"
"295","nvd@nist.gov","Primary","en","NVD-CWE-Other","CVE-1999-0034"
"296","nvd@nist.gov","Primary","en","NVD-CWE-Other","CVE-1999-0035"
"297","nvd@nist.gov","Primary","en","NVD-CWE-noinfo","CVE-1999-0144"
"298","nvd@nist.gov","Primary","en","CWE-264","CVE-1999-0227"
"299","nvd@nist.gov","Primary","en","NVD-CWE-Other","CVE-1999-0281"
"300","nvd@nist.gov","Primary","en","NVD-CWE-Other","CVE-1999-0799"
"301","nvd@nist.gov","Primary","en","NVD-CWE-Other","CVE-1999-0189"
"302","nvd@nist.gov","Primary","en","NVD-CWE-Other","CVE-1999-0275"
"303","nvd@nist.gov","Primary","en","NVD-CWE-Other","CVE-1999-0083"
"304","nvd@nist.gov","Primary","en","NVD-CWE-Other","CVE-1999-0033"
"305","nvd@nist.gov","Primary","en","NVD-CWE-Other","CVE-1999-0033"
"306","nvd@nist.gov","Primary","en","NVD-CWE-Other","CVE-1999-1266"
"307","nvd@nist.gov","Primary","en","NVD-CWE-Other","CVE-1999-0957"
"308","nvd@nist.gov","Primary","en","NVD-CWE-Other","CVE-1999-1483"
"309","nvd@nist.gov","Primary","en","NVD-CWE-Other","CVE-1999-1192"
"310","nvd@nist.gov","Primary","en","NVD-CWE-Other","CVE-1999-1423"
"311","nvd@nist.gov","Primary","en","NVD-CWE-Other","CVE-1999-0074"
"312","nvd@nist.gov","Primary","en","NVD-CWE-Other","CVE-1999-0076"
"313","nvd@nist.gov","Primary","en","NVD-CWE-Other","CVE-1999-0111"
"314","nvd@nist.gov","Primary","en","NVD-CWE-Other","CVE-1999-0147"
"315","nvd@nist.gov","Primary","en","NVD-CWE-Other","CVE-1999-0150"
"316","nvd@nist.gov","Primary","en","NVD-CWE-Other","CVE-1999-0153"
"317","nvd@nist.gov","Primary","en","NVD-CWE-Other","CVE-1999-0156"
"318","nvd@nist.gov","Primary","en","NVD-CWE-Other","CVE-1999-0169"
"319","nvd@nist.gov","Primary","en","NVD-CWE-Other","CVE-1999-0184"
"320","nvd@nist.gov","Primary","en","NVD-CWE-Other","CVE-1999-0195"
"321","nvd@nist.gov","Primary","en","NVD-CWE-Other","CVE-1999-0219"
"322","nvd@nist.gov","Primary","en","NVD-CWE-Other","CVE-1999-0250"
"323","nvd@nist.gov","Primary","en","NVD-CWE-Other","CVE-1999-0526"
"324","nvd@nist.gov","Primary","en","NVD-CWE-Other","CVE-1999-0532"
"325","nvd@nist.gov","Primary","en","NVD-CWE-Other","CVE-1999-0533"
"326","nvd@nist.gov","Primary","en","NVD-CWE-Other","CVE-1999-0541"
"327","nvd@nist.gov","Primary","en","NVD-CWE-Other","CVE-1999-0628"
"328","nvd@nist.gov","Primary","en","NVD-CWE-Other","CVE-1999-1326"
"329","nvd@nist.gov","Primary","en","NVD-CWE-Other","CVE-1999-0031"
"330","nvd@nist.gov","Primary","en","NVD-CWE-Other","CVE-1999-0196"
"331","nvd@nist.gov","Primary","en","NVD-CWE-Other","CVE-1999-0176"
"332","nvd@nist.gov","Primary","en","NVD-CWE-Other","CVE-1999-1463"
"333","nvd@nist.gov","Primary","en","NVD-CWE-Other","CVE-1999-0059"
"334","nvd@nist.gov","Primary","en","NVD-CWE-Other","CVE-1999-0146"
"335","nvd@nist.gov","Primary","en","NVD-CWE-Other","CVE-1999-0025"
"336","nvd@nist.gov","Primary","en","NVD-CWE-Other","CVE-1999-0026"
"337","nvd@nist.gov","Primary","en","CWE-119","CVE-1999-0027"
"338","nvd@nist.gov","Primary","en","NVD-CWE-Other","CVE-1999-0028"
"339","nvd@nist.gov","Primary","en","NVD-CWE-Other","CVE-1999-0028"
"340","nvd@nist.gov","Primary","en","NVD-CWE-Other","CVE-1999-0029"
"341","nvd@nist.gov","Primary","en","NVD-CWE-Other","CVE-1999-0030"
"342","nvd@nist.gov","Primary","en","NVD-CWE-Other","CVE-1999-0030"
"343","nvd@nist.gov","Primary","en","NVD-CWE-Other","CVE-1999-1182"
"344","nvd@nist.gov","Primary","en","NVD-CWE-Other","CVE-1999-0122"
"345","nvd@nist.gov","Primary","en","NVD-CWE-Other","CVE-1999-0247"
"346","nvd@nist.gov","Primary","en","NVD-CWE-Other","CVE-1999-1208"
"347","nvd@nist.gov","Primary","en","NVD-CWE-Other","CVE-1999-0971"
"348","nvd@nist.gov","Primary","en","NVD-CWE-Other","CVE-1999-1068"
"349","nvd@nist.gov","Primary","en","NVD-CWE-Other","CVE-1999-1217"
"350","nvd@nist.gov","Primary","en","NVD-CWE-Other","CVE-1999-1419"
"351","nvd@nist.gov","Primary","en","NVD-CWE-Other","CVE-1999-1308"
"352","nvd@nist.gov","Primary","en","NVD-CWE-Other","CVE-1999-0238"
"353","nvd@nist.gov","Primary","en","NVD-CWE-Other","CVE-1999-0301"
"354","nvd@nist.gov","Primary","en","CWE-200","CVE-1999-0524"
"355","nvd@nist.gov","Primary","en","NVD-CWE-noinfo","CVE-1999-0524"
"356","nvd@nist.gov","Primary","en","CWE-200","CVE-1999-0524"
"357","nvd@nist.gov","Primary","en","NVD-CWE-noinfo","CVE-1999-0524"
"358","nvd@nist.gov","Primary","en","NVD-CWE-Other","CVE-1999-0566"
"359","nvd@nist.gov","Primary","en","NVD-CWE-Other","CVE-1999-1262"
"360","nvd@nist.gov","Primary","en","NVD-CWE-Other","CVE-1999-1446"
"361","nvd@nist.gov","Primary","en","NVD-CWE-Other","CVE-1999-0152"
"362","nvd@nist.gov","Primary","en","NVD-CWE-Other","CVE-1999-0024"
"363","nvd@nist.gov","Primary","en","NVD-CWE-Other","CVE-1999-1250"
"364","nvd@nist.gov","Primary","en","NVD-CWE-Other","CVE-1999-1399"
"365","nvd@nist.gov","Primary","en","NVD-CWE-Other","CVE-1999-1220"
"366","nvd@nist.gov","Primary","en","NVD-CWE-Other","CVE-1999-1225"
"367","nvd@nist.gov","Primary","en","NVD-CWE-Other","CVE-1999-0071"
"368","nvd@nist.gov","Primary","en","NVD-CWE-Other","CVE-1999-0115"
"369","nvd@nist.gov","Primary","en","NVD-CWE-Other","CVE-1999-0148"
"370","nvd@nist.gov","Primary","en","NVD-CWE-Other","CVE-1999-0177"
"371","nvd@nist.gov","Primary","en","NVD-CWE-Other","CVE-1999-0183"
"372","nvd@nist.gov","Primary","en","NVD-CWE-Other","CVE-1999-0191"
"373","nvd@nist.gov","Primary","en","NVD-CWE-Other","CVE-1999-0237"
"374","nvd@nist.gov","Primary","en","NVD-CWE-Other","CVE-1999-1133"
"375","nvd@nist.gov","Primary","en","NVD-CWE-Other","CVE-1999-1139"
"376","nvd@nist.gov","Primary","en","NVD-CWE-Other","CVE-1999-1275"
"377","nvd@nist.gov","Primary","en","NVD-CWE-Other","CVE-1999-0079"
"378","nvd@nist.gov","Primary","en","CWE-255","CVE-1999-1214"
"379","nvd@nist.gov","Primary","en","NVD-CWE-Other","CVE-1999-0667"
"380","nvd@nist.gov","Primary","en","NVD-CWE-Other","CVE-1999-0956"
"381","nvd@nist.gov","Primary","en","NVD-CWE-Other","CVE-1999-0965"
"382","nvd@nist.gov","Primary","en","NVD-CWE-Other","CVE-1999-1125"
"383","nvd@nist.gov","Primary","en","NVD-CWE-Other","CVE-1999-0267"
"384","nvd@nist.gov","Primary","en","NVD-CWE-Other","CVE-1999-0955"
"385","nvd@nist.gov","Primary","en","NVD-CWE-Other","CVE-1999-0182"
"386","nvd@nist.gov","Primary","en","NVD-CWE-Other","CVE-1999-0090"
"387","nvd@nist.gov","Primary","en","NVD-CWE-Other","CVE-1999-0160"
"388","nvd@nist.gov","Primary","en","NVD-CWE-Other","CVE-1999-0185"
"389","nvd@nist.gov","Primary","en","NVD-CWE-Other","CVE-1999-0272"
"390","nvd@nist.gov","Primary","en","NVD-CWE-Other","CVE-1999-0294"
"391","nvd@nist.gov","Primary","en","NVD-CWE-Other","CVE-1999-0295"
"392","nvd@nist.gov","Primary","en","NVD-CWE-Other","CVE-1999-0300"
"393","nvd@nist.gov","Primary","en","NVD-CWE-Other","CVE-1999-0326"
"394","nvd@nist.gov","Primary","en","NVD-CWE-Other","CVE-1999-1213"
"395","nvd@nist.gov","Primary","en","NVD-CWE-Other","CVE-1999-0061"
"396","nvd@nist.gov","Primary","en","NVD-CWE-Other","CVE-1999-1061"
"397","nvd@nist.gov","Primary","en","NVD-CWE-Other","CVE-1999-1062"
"398","nvd@nist.gov","Primary","en","NVD-CWE-Other","CVE-1999-1095"
"399","nvd@nist.gov","Primary","en","NVD-CWE-Other","CVE-1999-1224"
"400","nvd@nist.gov","Primary","en","NVD-CWE-Other","CVE-1999-0346"
"401","nvd@nist.gov","Primary","en","NVD-CWE-Other","CVE-1999-0192"
"402","nvd@nist.gov","Primary","en","NVD-CWE-Other","CVE-1999-0068"
"403","nvd@nist.gov","Primary","en","NVD-CWE-Other","CVE-1999-0072"
"404","nvd@nist.gov","Primary","en","NVD-CWE-Other","CVE-1999-1131"
"405","nvd@nist.gov","Primary","en","NVD-CWE-Other","CVE-1999-1261"
"406","nvd@nist.gov","Primary","en","NVD-CWE-Other","CVE-1999-0089"
"407","nvd@nist.gov","Primary","en","NVD-CWE-Other","CVE-1999-0091"
"408","nvd@nist.gov","Primary","en","NVD-CWE-Other","CVE-1999-0092"
"409","nvd@nist.gov","Primary","en","NVD-CWE-Other","CVE-1999-0093"
"410","nvd@nist.gov","Primary","en","NVD-CWE-Other","CVE-1999-0094"
"411","nvd@nist.gov","Primary","en","NVD-CWE-Other","CVE-1999-0097"
"412","nvd@nist.gov","Primary","en","NVD-CWE-Other","CVE-1999-0322"
"413","nvd@nist.gov","Primary","en","NVD-CWE-Other","CVE-1999-0216"
"414","nvd@nist.gov","Primary","en","NVD-CWE-Other","CVE-1999-0327"
"415","nvd@nist.gov","Primary","en","NVD-CWE-Other","CVE-1999-0328"
"416","nvd@nist.gov","Primary","en","NVD-CWE-Other","CVE-1999-0967"
"417","nvd@nist.gov","Primary","en","NVD-CWE-Other","CVE-1999-0306"
"418","nvd@nist.gov","Primary","en","NVD-CWE-Other","CVE-1999-0021"
"419","nvd@nist.gov","Primary","en","NVD-CWE-Other","CVE-1999-1069"
"420","nvd@nist.gov","Primary","en","NVD-CWE-Other","CVE-1999-1424"
"421","nvd@nist.gov","Primary","en","NVD-CWE-Other","CVE-1999-1425"
"422","nvd@nist.gov","Primary","en","NVD-CWE-Other","CVE-1999-1426"
"423","nvd@nist.gov","Primary","en","NVD-CWE-Other","CVE-1999-1427"
"424","nvd@nist.gov","Primary","en","NVD-CWE-Other","CVE-1999-1428"
"425","nvd@nist.gov","Primary","en","NVD-CWE-Other","CVE-1999-1210"
"426","nvd@nist.gov","Primary","en","NVD-CWE-Other","CVE-1999-1209"
"427","nvd@nist.gov","Primary","en","NVD-CWE-Other","CVE-1999-0210"
"428","nvd@nist.gov","Primary","en","NVD-CWE-Other","CVE-1999-1257"
"429","nvd@nist.gov","Primary","en","NVD-CWE-Other","CVE-1999-0016"
"430","nvd@nist.gov","Primary","en","NVD-CWE-Other","CVE-1999-0193"
"431","nvd@nist.gov","Primary","en","NVD-CWE-Other","CVE-1999-0244"
"432","nvd@nist.gov","Primary","en","NVD-CWE-Other","CVE-1999-0340"
"433","nvd@nist.gov","Primary","en","NVD-CWE-Other","CVE-1999-0018"
"434","nvd@nist.gov","Primary","en","NVD-CWE-Other","CVE-1999-0017"
"435","nvd@nist.gov","Primary","en","NVD-CWE-Other","CVE-1999-1140"
"436","nvd@nist.gov","Primary","en","NVD-CWE-Other","CVE-1999-0230"
"437","nvd@nist.gov","Primary","en","NVD-CWE-Other","CVE-1999-0004"
"438","nvd@nist.gov","Primary","en","NVD-CWE-Other","CVE-1999-0004"
"439","nvd@nist.gov","Primary","en","NVD-CWE-Other","CVE-1999-0015"
"440","nvd@nist.gov","Primary","en","NVD-CWE-Other","CVE-1999-0104"
"441","nvd@nist.gov","Primary","en","NVD-CWE-Other","CVE-1999-1581"
"442","nvd@nist.gov","Primary","en","NVD-CWE-Other","CVE-1999-1230"
"443","nvd@nist.gov","Primary","en","NVD-CWE-Other","CVE-1999-1274"
"444","nvd@nist.gov","Primary","en","NVD-CWE-Other","CVE-1999-0107"
"445","nvd@nist.gov","Primary","en","NVD-CWE-Other","CVE-1999-0114"
"446","nvd@nist.gov","Primary","en","NVD-CWE-Other","CVE-1999-0239"
"447","nvd@nist.gov","Primary","en","NVD-CWE-Other","CVE-1999-0273"
"448","nvd@nist.gov","Primary","en","NVD-CWE-Other","CVE-1999-0279"
"449","nvd@nist.gov","Primary","en","CWE-120","CVE-1999-0284"
"450","nvd@nist.gov","Primary","en","NVD-CWE-Other","CVE-1999-0293"
"451","nvd@nist.gov","Primary","en","NVD-CWE-Other","CVE-1999-0331"
"452","nvd@nist.gov","Primary","en","NVD-CWE-Other","CVE-1999-0341"
"453","nvd@nist.gov","Primary","en","NVD-CWE-Other","CVE-1999-1439"
"454","nvd@nist.gov","Primary","en","NVD-CWE-Other","CVE-1999-0513"
"455","nvd@nist.gov","Primary","en","NVD-CWE-Other","CVE-1999-1429"
"456","nvd@nist.gov","Primary","en","NVD-CWE-Other","CVE-1999-0086"
"457","nvd@nist.gov","Primary","en","NVD-CWE-Other","CVE-1999-1176"
"458","nvd@nist.gov","Primary","en","NVD-CWE-Other","CVE-1999-0958"
"459","nvd@nist.gov","Primary","en","NVD-CWE-Other","CVE-1999-0271"
"460","nvd@nist.gov","Primary","en","NVD-CWE-Other","CVE-1999-1045"
"461","nvd@nist.gov","Primary","en","NVD-CWE-Other","CVE-1999-0014"
"462","nvd@nist.gov","Primary","en","NVD-CWE-Other","CVE-1999-1487"
"463","nvd@nist.gov","Primary","en","NVD-CWE-Other","CVE-1999-0013"
"464","nvd@nist.gov","Primary","en","NVD-CWE-Other","CVE-1999-0125"
"465","nvd@nist.gov","Primary","en","NVD-CWE-Other","CVE-1999-0264"
"466","nvd@nist.gov","Primary","en","NVD-CWE-Other","CVE-1999-0087"
"467","nvd@nist.gov","Primary","en","NVD-CWE-Other","CVE-1999-0256"
"468","nvd@nist.gov","Primary","en","NVD-CWE-Other","CVE-1999-0296"
"469","nvd@nist.gov","Primary","en","NVD-CWE-Other","CVE-1999-0304"
"470","nvd@nist.gov","Primary","en","NVD-CWE-Other","CVE-1999-0305"
"471","nvd@nist.gov","Primary","en","NVD-CWE-Other","CVE-1999-0486"
"472","nvd@nist.gov","Primary","en","NVD-CWE-Other","CVE-1999-1445"
"473","nvd@nist.gov","Primary","en","NVD-CWE-Other","CVE-1999-0012"
"474","nvd@nist.gov","Primary","en","NVD-CWE-Other","CVE-1999-1269"
"475","nvd@nist.gov","Primary","en","NVD-CWE-Other","CVE-1999-0258"
"476","nvd@nist.gov","Primary","en","NVD-CWE-Other","CVE-1999-0225"
"477","nvd@nist.gov","Primary","en","NVD-CWE-Other","CVE-1999-1207"
"478","nvd@nist.gov","Primary","en","NVD-CWE-Other","CVE-1999-0323"
"479","nvd@nist.gov","Primary","en","NVD-CWE-Other","CVE-1999-1273"
"480","nvd@nist.gov","Primary","en","NVD-CWE-Other","CVE-1999-0290"
"481","nvd@nist.gov","Primary","en","NVD-CWE-Other","CVE-1999-1229"
"482","nvd@nist.gov","Primary","en","NVD-CWE-Other","CVE-1999-1486"
"483","nvd@nist.gov","Primary","en","NVD-CWE-Other","CVE-1999-0266"
"484","nvd@nist.gov","Primary","en","NVD-CWE-Other","CVE-1999-0320"
"485","nvd@nist.gov","Primary","en","NVD-CWE-Other","CVE-1999-0330"
"486","nvd@nist.gov","Primary","en","NVD-CWE-Other","CVE-1999-0502"
"487","nvd@nist.gov","Primary","en","NVD-CWE-Other","CVE-1999-0514"
"488","nvd@nist.gov","Primary","en","NVD-CWE-Other","CVE-1999-0795"
"489","nvd@nist.gov","Primary","en","NVD-CWE-Other","CVE-1999-1272"
"490","nvd@nist.gov","Primary","en","NVD-CWE-Other","CVE-1999-1407"
"491","nvd@nist.gov","Primary","en","NVD-CWE-Other","CVE-1999-1118"
"492","nvd@nist.gov","Primary","en","NVD-CWE-Other","CVE-1999-0060"
"493","nvd@nist.gov","Primary","en","NVD-CWE-Other","CVE-1999-1075"
"494","nvd@nist.gov","Primary","en","NVD-CWE-Other","CVE-1999-0960"
"495","nvd@nist.gov","Primary","en","NVD-CWE-Other","CVE-1999-0003"
"496","nvd@nist.gov","Primary","en","NVD-CWE-Other","CVE-1999-0098"
"497","nvd@nist.gov","Primary","en","NVD-CWE-Other","CVE-1999-0257"
"498","nvd@nist.gov","Primary","en","NVD-CWE-Other","CVE-1999-0507"
"499","nvd@nist.gov","Primary","en","NVD-CWE-Other","CVE-1999-0537"
"500","nvd@nist.gov","Primary","en","NVD-CWE-Other","CVE-1999-0551"
"501","nvd@nist.gov","Primary","en","NVD-CWE-Other","CVE-1999-1183"
"502","nvd@nist.gov","Primary","en","NVD-CWE-Other","CVE-1999-0270"
"503","nvd@nist.gov","Primary","en","NVD-CWE-Other","CVE-1999-1498"
"504","nvd@nist.gov","Primary","en","NVD-CWE-Other","CVE-1999-1505"
"505","nvd@nist.gov","Primary","en","NVD-CWE-Other","CVE-1999-0009"
"506","nvd@nist.gov","Primary","en","NVD-CWE-Other","CVE-1999-0010"
"507","nvd@nist.gov","Primary","en","NVD-CWE-Other","CVE-1999-0011"
"508","nvd@nist.gov","Primary","en","NVD-CWE-Other","CVE-1999-0190"
"509","nvd@nist.gov","Primary","en","NVD-CWE-Other","CVE-1999-1015"
"510","nvd@nist.gov","Primary","en","NVD-CWE-Other","CVE-1999-1040"
"511","nvd@nist.gov","Primary","en","NVD-CWE-Other","CVE-1999-1114"
"512","nvd@nist.gov","Primary","en","NVD-CWE-Other","CVE-1999-1501"
"513","nvd@nist.gov","Primary","en","NVD-CWE-Other","CVE-1999-1502"
"514","nvd@nist.gov","Primary","en","NVD-CWE-Other","CVE-1999-1503"
"515","nvd@nist.gov","Primary","en","NVD-CWE-Other","CVE-1999-1504"
"516","nvd@nist.gov","Primary","en","NVD-CWE-Other","CVE-1999-1499"
"517","nvd@nist.gov","Primary","en","NVD-CWE-Other","CVE-1999-1113"
"518","nvd@nist.gov","Primary","en","NVD-CWE-Other","CVE-1999-1390"
"519","nvd@nist.gov","Primary","en","NVD-CWE-Other","CVE-1999-0069"
"520","nvd@nist.gov","Primary","en","NVD-CWE-Other","CVE-1999-0212"
"521","nvd@nist.gov","Primary","en","NVD-CWE-Other","CVE-1999-1106"
"522","nvd@nist.gov","Primary","en","NVD-CWE-Other","CVE-1999-0108"
"523","nvd@nist.gov","Primary","en","NVD-CWE-Other","CVE-1999-0796"
"524","nvd@nist.gov","Primary","en","NVD-CWE-Other","CVE-1999-0126"
"525","nvd@nist.gov","Primary","en","NVD-CWE-Other","CVE-1999-1027"
"526","nvd@nist.gov","Primary","en","NVD-CWE-Other","CVE-1999-1044"
"527","nvd@nist.gov","Primary","en","NVD-CWE-Other","CVE-1999-1361"
"528","nvd@nist.gov","Primary","en","NVD-CWE-Other","CVE-1999-0816"
"529","nvd@nist.gov","Primary","en","NVD-CWE-Other","CVE-1999-0919"
"530","nvd@nist.gov","Primary","en","NVD-CWE-Other","CVE-1999-1204"
"531","nvd@nist.gov","Primary","en","NVD-CWE-Other","CVE-1999-1389"
"532","nvd@nist.gov","Primary","en","NVD-CWE-Other","CVE-1999-0055"
"533","nvd@nist.gov","Primary","en","NVD-CWE-Other","CVE-1999-1179"
"534","nvd@nist.gov","Primary","en","NVD-CWE-Other","CVE-1999-1096"
"535","nvd@nist.gov","Primary","en","NVD-CWE-Other","CVE-1999-0303"
"536","nvd@nist.gov","Primary","en","NVD-CWE-Other","CVE-1999-1039"
"537","nvd@nist.gov","Primary","en","NVD-CWE-Other","CVE-1999-1492"
"538","nvd@nist.gov","Primary","en","NVD-CWE-Other","CVE-1999-1490"
"539","nvd@nist.gov","Primary","en","NVD-CWE-Other","CVE-1999-0278"
"540","nvd@nist.gov","Primary","en","NVD-CWE-Other","CVE-1999-0329"
"541","nvd@nist.gov","Primary","en","NVD-CWE-Other","CVE-1999-0501"
"542","nvd@nist.gov","Primary","en","NVD-CWE-Other","CVE-1999-0508"
"543","nvd@nist.gov","Primary","en","NVD-CWE-Other","CVE-1999-1443"
"544","nvd@nist.gov","Primary","en","NVD-CWE-Other","CVE-1999-1151"
"545","nvd@nist.gov","Primary","en","NVD-CWE-Other","CVE-1999-1152"
"546","nvd@nist.gov","Primary","en","NVD-CWE-Other","CVE-1999-0008"
"547","nvd@nist.gov","Primary","en","NVD-CWE-Other","CVE-1999-0054"
"548","nvd@nist.gov","Primary","en","NVD-CWE-Other","CVE-1999-1178"
"549","nvd@nist.gov","Primary","en","NVD-CWE-Other","CVE-1999-1271"
"550","nvd@nist.gov","Primary","en","NVD-CWE-Other","CVE-1999-1480"
"551","nvd@nist.gov","Primary","en","NVD-CWE-Other","CVE-1999-1555"
"552","nvd@nist.gov","Primary","en","NVD-CWE-Other","CVE-1999-1085"
"553","nvd@nist.gov","Primary","en","NVD-CWE-Other","CVE-1999-0783"
"554","nvd@nist.gov","Primary","en","NVD-CWE-Other","CVE-1999-1442"
"555","nvd@nist.gov","Primary","en","NVD-CWE-Other","CVE-1999-1479"
"556","nvd@nist.gov","Primary","en","CWE-327","CVE-1999-0007"
"557","nvd@nist.gov","Primary","en","NVD-CWE-Other","CVE-1999-1036"
"558","nvd@nist.gov","Primary","en","NVD-CWE-Other","CVE-1999-1037"
"559","nvd@nist.gov","Primary","en","NVD-CWE-Other","CVE-1999-1038"
"560","nvd@nist.gov","Primary","en","NVD-CWE-Other","CVE-1999-0797"
"561","nvd@nist.gov","Primary","en","NVD-CWE-Other","CVE-1999-1556"
"562","nvd@nist.gov","Primary","en","NVD-CWE-Other","CVE-1999-1150"
"563","nvd@nist.gov","Primary","en","NVD-CWE-Other","CVE-1999-1441"
"564","nvd@nist.gov","Primary","en","NVD-CWE-Other","CVE-1999-0313"
"565","nvd@nist.gov","Primary","en","NVD-CWE-Other","CVE-1999-0314"
"566","nvd@nist.gov","Primary","en","NVD-CWE-Other","CVE-1999-0494"
"567","nvd@nist.gov","Primary","en","NVD-CWE-Other","CVE-1999-1202"
"568","nvd@nist.gov","Primary","en","NVD-CWE-Other","CVE-1999-1409"
"569","nvd@nist.gov","Primary","en","NVD-CWE-Other","CVE-1999-1574"
"570","nvd@nist.gov","Primary","en","NVD-CWE-Other","CVE-1999-1437"
"571","nvd@nist.gov","Primary","en","NVD-CWE-Other","CVE-1999-1436"
"572","nvd@nist.gov","Primary","en","NVD-CWE-Other","CVE-1999-0102"
"573","nvd@nist.gov","Primary","en","NVD-CWE-Other","CVE-1999-1435"
"574","nvd@nist.gov","Primary","en","NVD-CWE-Other","CVE-1999-1270"
"575","nvd@nist.gov","Primary","en","NVD-CWE-Other","CVE-1999-1434"
"576","nvd@nist.gov","Primary","en","NVD-CWE-Other","CVE-1999-0006"
"577","nvd@nist.gov","Primary","en","NVD-CWE-Other","CVE-1999-0213"
"578","nvd@nist.gov","Primary","en","NVD-CWE-Other","CVE-1999-1297"
"579","nvd@nist.gov","Primary","en","NVD-CWE-Other","CVE-1999-1433"
"580","nvd@nist.gov","Primary","en","NVD-CWE-Other","CVE-1999-1582"
"581","nvd@nist.gov","Primary","en","NVD-CWE-Other","CVE-1999-0263"
"582","nvd@nist.gov","Primary","en","NVD-CWE-Other","CVE-1999-1149"
"583","nvd@nist.gov","Primary","en","NVD-CWE-Other","CVE-1999-1432"
"584","nvd@nist.gov","Primary","en","NVD-CWE-Other","CVE-1999-1558"
"585","nvd@nist.gov","Primary","en","NVD-CWE-Other","CVE-1999-0005"
"586","nvd@nist.gov","Primary","en","NVD-CWE-Other","CVE-1999-1200"
"587","nvd@nist.gov","Primary","en","NVD-CWE-Other","CVE-1999-1420"
"588","nvd@nist.gov","Primary","en","NVD-CWE-Other","CVE-1999-1421"
"589","nvd@nist.gov","Primary","en","NVD-CWE-Other","CVE-1999-1070"
"590","nvd@nist.gov","Primary","en","NVD-CWE-Other","CVE-1999-0941"
"591","nvd@nist.gov","Primary","en","NVD-CWE-Other","CVE-1999-1447"
"592","nvd@nist.gov","Primary","en","NVD-CWE-Other","CVE-1999-1406"
"593","nvd@nist.gov","Primary","en","NVD-CWE-Other","CVE-1999-1448"
"594","nvd@nist.gov","Primary","en","CWE-200","CVE-1999-1136"
"595","nvd@nist.gov","Primary","en","NVD-CWE-Other","CVE-1999-0269"
"596","nvd@nist.gov","Primary","en","NVD-CWE-Other","CVE-1999-0288"
"597","nvd@nist.gov","Primary","en","NVD-CWE-Other","CVE-1999-0333"
"598","nvd@nist.gov","Primary","en","NVD-CWE-Other","CVE-1999-0339"
"599","nvd@nist.gov","Primary","en","CWE-264","CVE-1999-0344"
"600","nvd@nist.gov","Primary","en","NVD-CWE-Other","CVE-1999-0516"
"601","nvd@nist.gov","Primary","en","NVD-CWE-Other","CVE-1999-0062"
"602","nvd@nist.gov","Primary","en","NVD-CWE-Other","CVE-1999-0262"
"603","nvd@nist.gov","Primary","en","NVD-CWE-Other","CVE-1999-1199"
"604","nvd@nist.gov","Primary","en","NVD-CWE-Other","CVE-1999-0159"
"605","nvd@nist.gov","Primary","en","NVD-CWE-Other","CVE-1999-1283"
"606","nvd@nist.gov","Primary","en","NVD-CWE-Other","CVE-1999-0157"
"607","nvd@nist.gov","Primary","en","NVD-CWE-Other","CVE-1999-1416"
"608","nvd@nist.gov","Primary","en","NVD-CWE-Other","CVE-1999-1417"
"609","nvd@nist.gov","Primary","en","NVD-CWE-Other","CVE-1999-1041"
"610","nvd@nist.gov","Primary","en","NVD-CWE-Other","CVE-1999-0065"
"611","nvd@nist.gov","Primary","en","NVD-CWE-Other","CVE-1999-0158"
"612","nvd@nist.gov","Primary","en","NVD-CWE-Other","CVE-1999-0162"
"613","nvd@nist.gov","Primary","en","NVD-CWE-Other","CVE-1999-0302"
"614","nvd@nist.gov","Primary","en","NVD-CWE-Other","CVE-1999-0310"
"615","nvd@nist.gov","Primary","en","NVD-CWE-Other","CVE-1999-0792"
"616","nvd@nist.gov","Primary","en","NVD-CWE-Other","CVE-1999-1292"
"617","nvd@nist.gov","Primary","en","NVD-CWE-Other","CVE-1999-0779"
"618","nvd@nist.gov","Primary","en","NVD-CWE-Other","CVE-1999-0930"
"619","nvd@nist.gov","Primary","en","NVD-CWE-Other","CVE-1999-0871"
"620","nvd@nist.gov","Primary","en","NVD-CWE-Other","CVE-1999-1048"
"621","nvd@nist.gov","Primary","en","NVD-CWE-Other","CVE-1999-0056"
"622","nvd@nist.gov","Primary","en","NVD-CWE-Other","CVE-1999-0897"
"623","nvd@nist.gov","Primary","en","NVD-CWE-Other","CVE-1999-1020"
"624","nvd@nist.gov","Primary","en","NVD-CWE-Other","CVE-1999-1265"
"625","nvd@nist.gov","Primary","en","NVD-CWE-Other","CVE-1999-1054"
"626","nvd@nist.gov","Primary","en","NVD-CWE-Other","CVE-1999-1228"
"627","nvd@nist.gov","Primary","en","NVD-CWE-Other","CVE-1999-0969"
"628","nvd@nist.gov","Primary","en","NVD-CWE-Other","CVE-1999-1181"
"629","nvd@nist.gov","Primary","en","NVD-CWE-Other","CVE-1999-0186"
"630","nvd@nist.gov","Primary","en","NVD-CWE-Other","CVE-1999-0505"
"631","nvd@nist.gov","Primary","en","NVD-CWE-Other","CVE-1999-0506"
"632","nvd@nist.gov","Primary","en","NVD-CWE-Other","CVE-1999-0546"
"633","nvd@nist.gov","Primary","en","NVD-CWE-Other","CVE-1999-0870"
"634","nvd@nist.gov","Primary","en","NVD-CWE-Other","CVE-1999-0343"
"635","nvd@nist.gov","Primary","en","NVD-CWE-Other","CVE-1999-1403"
"636","nvd@nist.gov","Primary","en","NVD-CWE-Other","CVE-1999-1404"
"637","nvd@nist.gov","Primary","en","NVD-CWE-Other","CVE-1999-1291"
"638","nvd@nist.gov","Primary","en","NVD-CWE-Other","CVE-1999-1185"
"639","nvd@nist.gov","Primary","en","NVD-CWE-Other","CVE-1999-1381"
"640","nvd@nist.gov","Primary","en","CWE-119","CVE-1999-0002"
"641","nvd@nist.gov","Primary","en","NVD-CWE-Other","CVE-1999-0053"
"642","nvd@nist.gov","Primary","en","NVD-CWE-Other","CVE-1999-0088"
"643","nvd@nist.gov","Primary","en","NVD-CWE-Other","CVE-1999-0215"
"644","nvd@nist.gov","Primary","en","NVD-CWE-Other","CVE-1999-0118"
"645","nvd@nist.gov","Primary","en","NVD-CWE-Other","CVE-1999-0254"
"646","nvd@nist.gov","Primary","en","NVD-CWE-Other","CVE-1999-1459"
"647","nvd@nist.gov","Primary","en","NVD-CWE-Other","CVE-1999-0052"
"648","nvd@nist.gov","Primary","en","NVD-CWE-Other","CVE-1999-1284"
"649","nvd@nist.gov","Primary","en","NVD-CWE-Other","CVE-1999-1321"
"650","nvd@nist.gov","Primary","en","NVD-CWE-Other","CVE-1999-1153"
"651","nvd@nist.gov","Primary","en","NVD-CWE-Other","CVE-1999-1154"
"652","nvd@nist.gov","Primary","en","NVD-CWE-Other","CVE-1999-1155"
"653","nvd@nist.gov","Primary","en","NVD-CWE-Other","CVE-1999-1289"
"654","nvd@nist.gov","Primary","en","NVD-CWE-Other","CVE-1999-1025"
"655","nvd@nist.gov","Primary","en","NVD-CWE-Other","CVE-1999-1322"
"656","nvd@nist.gov","Primary","en","NVD-CWE-Other","CVE-1999-0057"
"657","nvd@nist.gov","Primary","en","NVD-CWE-Other","CVE-1999-0780"
"658","nvd@nist.gov","Primary","en","NVD-CWE-Other","CVE-1999-0781"
"659","nvd@nist.gov","Primary","en","NVD-CWE-Other","CVE-1999-0782"
"660","nvd@nist.gov","Primary","en","NVD-CWE-Other","CVE-1999-1107"
"661","nvd@nist.gov","Primary","en","NVD-CWE-Other","CVE-1999-1288"
"662","nvd@nist.gov","Primary","en","NVD-CWE-Other","CVE-1999-1411"
"663","nvd@nist.gov","Primary","en","NVD-CWE-Other","CVE-1999-1071"
"664","nvd@nist.gov","Primary","en","NVD-CWE-Other","CVE-1999-1072"
"665","nvd@nist.gov","Primary","en","NVD-CWE-Other","CVE-1999-1073"
"666","nvd@nist.gov","Primary","en","NVD-CWE-Other","CVE-1999-0321"
"667","nvd@nist.gov","Primary","en","CWE-119","CVE-1999-0332"
"668","nvd@nist.gov","Primary","en","NVD-CWE-Other","CVE-1999-0342"
"669","nvd@nist.gov","Primary","en","CWE-120","CVE-1999-0385"
"670","nvd@nist.gov","Primary","en","NVD-CWE-Other","CVE-1999-0463"
"671","nvd@nist.gov","Primary","en","NVD-CWE-Other","CVE-1999-0478"
"672","nvd@nist.gov","Primary","en","NVD-CWE-Other","CVE-1999-0869"
"673","nvd@nist.gov","Primary","en","NVD-CWE-Other","CVE-1999-0836"
"674","nvd@nist.gov","Primary","en","NVD-CWE-Other","CVE-1999-0936"
"675","nvd@nist.gov","Primary","en","NVD-CWE-Other","CVE-1999-0937"
"676","nvd@nist.gov","Primary","en","NVD-CWE-Other","CVE-1999-1280"
"677","nvd@nist.gov","Primary","en","NVD-CWE-Other","CVE-1999-0798"
"678","nvd@nist.gov","Primary","en","NVD-CWE-Other","CVE-1999-1147"
"679","nvd@nist.gov","Primary","en","NVD-CWE-Other","CVE-1999-1276"
"680","nvd@nist.gov","Primary","en","NVD-CWE-Other","CVE-1999-1282"
"681","nvd@nist.gov","Primary","en","NVD-CWE-Other","CVE-1999-0139"
"682","nvd@nist.gov","Primary","en","NVD-CWE-Other","CVE-1999-0188"
"683","nvd@nist.gov","Primary","en","NVD-CWE-Other","CVE-1999-1173"
"684","nvd@nist.gov","Primary","en","NVD-CWE-Other","CVE-1999-1277"
"685","nvd@nist.gov","Primary","en","NVD-CWE-Other","CVE-1999-1278"
"686","nvd@nist.gov","Primary","en","NVD-CWE-Other","CVE-1999-0968"
"687","nvd@nist.gov","Primary","en","NVD-CWE-Other","CVE-1999-1281"
"688","nvd@nist.gov","Primary","en","NVD-CWE-Other","CVE-1999-1188"
"689","nvd@nist.gov","Primary","en","NVD-CWE-Other","CVE-1999-1285"
"690","nvd@nist.gov","Primary","en","NVD-CWE-Other","CVE-1999-1159"
"691","nvd@nist.gov","Primary","en","NVD-CWE-Other","CVE-1999-0197"
"692","nvd@nist.gov","Primary","en","NVD-CWE-Other","CVE-1999-0198"
"693","nvd@nist.gov","Primary","en","NVD-CWE-Other","CVE-1999-0200"
"694","nvd@nist.gov","Primary","en","NVD-CWE-Other","CVE-1999-0205"
"695","nvd@nist.gov","Primary","en","NVD-CWE-Other","CVE-1999-0220"
"696","nvd@nist.gov","Primary","en","CWE-19","CVE-1999-0226"
"697","nvd@nist.gov","Primary","en","NVD-CWE-Other","CVE-1999-0231"
"698","nvd@nist.gov","Primary","en","NVD-CWE-Other","CVE-1999-0240"
"699","nvd@nist.gov","Primary","en","NVD-CWE-Other","CVE-1999-0243"
"700","nvd@nist.gov","Primary","en","NVD-CWE-Other","CVE-1999-0248"
"701","nvd@nist.gov","Primary","en","NVD-CWE-Other","CVE-1999-0255"
"702","nvd@nist.gov","Primary","en","NVD-CWE-Other","CVE-1999-0268"
"703","nvd@nist.gov","Primary","en","NVD-CWE-Other","CVE-1999-0276"
"704","nvd@nist.gov","Primary","en","NVD-CWE-Other","CVE-1999-0283"
"705","nvd@nist.gov","Primary","en","NVD-CWE-Other","CVE-1999-0285"
"706","nvd@nist.gov","Primary","en","NVD-CWE-Other","CVE-1999-0286"
"707","nvd@nist.gov","Primary","en","NVD-CWE-Other","CVE-1999-0355"
"708","nvd@nist.gov","Primary","en","NVD-CWE-Other","CVE-1999-0361"
"709","nvd@nist.gov","Primary","en","NVD-CWE-Other","CVE-1999-0364"
"710","nvd@nist.gov","Primary","en","NVD-CWE-Other","CVE-1999-0384"
"711","nvd@nist.gov","Primary","en","NVD-CWE-Other","CVE-1999-0388"
"712","nvd@nist.gov","Primary","en","NVD-CWE-Other","CVE-1999-0393"
"713","nvd@nist.gov","Primary","en","NVD-CWE-Other","CVE-1999-0394"
"714","nvd@nist.gov","Primary","en","NVD-CWE-Other","CVE-1999-0395"
"715","nvd@nist.gov","Primary","en","NVD-CWE-Other","CVE-1999-0397"
"716","nvd@nist.gov","Primary","en","NVD-CWE-Other","CVE-1999-0398"
"717","nvd@nist.gov","Primary","en","NVD-CWE-Other","CVE-1999-0399"
"718","nvd@nist.gov","Primary","en","NVD-CWE-Other","CVE-1999-0401"
"719","nvd@nist.gov","Primary","en","NVD-CWE-Other","CVE-1999-0448"
"720","nvd@nist.gov","Primary","en","NVD-CWE-Other","CVE-1999-0452"
"721","nvd@nist.gov","Primary","en","CWE-200","CVE-1999-0453"
"722","nvd@nist.gov","Primary","en","NVD-CWE-Other","CVE-1999-0454"
"723","nvd@nist.gov","Primary","en","NVD-CWE-Other","CVE-1999-0465"
"724","nvd@nist.gov","Primary","en","NVD-CWE-Other","CVE-1999-0495"
"725","nvd@nist.gov","Primary","en","NVD-CWE-Other","CVE-1999-0497"
"726","nvd@nist.gov","Primary","en","NVD-CWE-Other","CVE-1999-0512"
"727","nvd@nist.gov","Primary","en","NVD-CWE-Other","CVE-1999-0515"
"728","nvd@nist.gov","Primary","en","NVD-CWE-Other","CVE-1999-0520"
"729","nvd@nist.gov","Primary","en","NVD-CWE-Other","CVE-1999-0523"
"730","nvd@nist.gov","Primary","en","NVD-CWE-Other","CVE-1999-0527"
"731","nvd@nist.gov","Primary","en","NVD-CWE-Other","CVE-1999-0528"
"732","nvd@nist.gov","Primary","en","NVD-CWE-Other","CVE-1999-0529"
"733","nvd@nist.gov","Primary","en","NVD-CWE-Other","CVE-1999-0530"
"734","nvd@nist.gov","Primary","en","NVD-CWE-Other","CVE-1999-0539"
"735","nvd@nist.gov","Primary","en","NVD-CWE-Other","CVE-1999-0547"
"736","nvd@nist.gov","Primary","en","NVD-CWE-Other","CVE-1999-0548"
"737","nvd@nist.gov","Primary","en","NVD-CWE-Other","CVE-1999-0549"
"738","nvd@nist.gov","Primary","en","NVD-CWE-Other","CVE-1999-0554"
"739","nvd@nist.gov","Primary","en","NVD-CWE-Other","CVE-1999-0555"
"740","nvd@nist.gov","Primary","en","NVD-CWE-Other","CVE-1999-0556"
"741","nvd@nist.gov","Primary","en","NVD-CWE-Other","CVE-1999-0559"
"742","nvd@nist.gov","Primary","en","NVD-CWE-Other","CVE-1999-0560"
"743","nvd@nist.gov","Primary","en","NVD-CWE-Other","CVE-1999-0561"
"744","nvd@nist.gov","Primary","en","NVD-CWE-Other","CVE-1999-0564"
"745","nvd@nist.gov","Primary","en","NVD-CWE-Other","CVE-1999-0565"
"746","nvd@nist.gov","Primary","en","NVD-CWE-Other","CVE-1999-0568"
"747","nvd@nist.gov","Primary","en","NVD-CWE-Other","CVE-1999-0569"
"748","nvd@nist.gov","Primary","en","NVD-CWE-Other","CVE-1999-0570"
"749","nvd@nist.gov","Primary","en","NVD-CWE-Other","CVE-1999-0571"
"750","nvd@nist.gov","Primary","en","NVD-CWE-Other","CVE-1999-0577"
"751","nvd@nist.gov","Primary","en","NVD-CWE-Other","CVE-1999-0578"
"752","nvd@nist.gov","Primary","en","NVD-CWE-Other","CVE-1999-0579"
"753","nvd@nist.gov","Primary","en","NVD-CWE-Other","CVE-1999-0580"
"754","nvd@nist.gov","Primary","en","NVD-CWE-Other","CVE-1999-0581"
"755","nvd@nist.gov","Primary","en","NVD-CWE-Other","CVE-1999-0583"
"756","nvd@nist.gov","Primary","en","NVD-CWE-Other","CVE-1999-0584"
"757","nvd@nist.gov","Primary","en","NVD-CWE-Other","CVE-1999-0586"
"758","nvd@nist.gov","Primary","en","NVD-CWE-Other","CVE-1999-0587"
"759","nvd@nist.gov","Primary","en","NVD-CWE-Other","CVE-1999-0588"
"760","nvd@nist.gov","Primary","en","NVD-CWE-Other","CVE-1999-0589"
"761","nvd@nist.gov","Primary","en","NVD-CWE-Other","CVE-1999-0591"
"762","nvd@nist.gov","Primary","en","NVD-CWE-Other","CVE-1999-0592"
"763","nvd@nist.gov","Primary","en","NVD-CWE-Other","CVE-1999-0593"
"764","nvd@nist.gov","Primary","en","NVD-CWE-Other","CVE-1999-0594"
"765","nvd@nist.gov","Primary","en","NVD-CWE-Other","CVE-1999-0596"
"766","nvd@nist.gov","Primary","en","NVD-CWE-Other","CVE-1999-0597"
"767","nvd@nist.gov","Primary","en","NVD-CWE-Other","CVE-1999-0598"
"768","nvd@nist.gov","Primary","en","NVD-CWE-Other","CVE-1999-0599"
"769","nvd@nist.gov","Primary","en","NVD-CWE-Other","CVE-1999-0600"
"770","nvd@nist.gov","Primary","en","NVD-CWE-Other","CVE-1999-0601"
"771","nvd@nist.gov","Primary","en","NVD-CWE-Other","CVE-1999-0602"
"772","nvd@nist.gov","Primary","en","NVD-CWE-Other","CVE-1999-0603"
"773","nvd@nist.gov","Primary","en","NVD-CWE-Other","CVE-1999-0611"
"774","nvd@nist.gov","Primary","en","NVD-CWE-Other","CVE-1999-0613"
"775","nvd@nist.gov","Primary","en","NVD-CWE-Other","CVE-1999-0618"
"776","nvd@nist.gov","Primary","en","NVD-CWE-Other","CVE-1999-0624"
"777","nvd@nist.gov","Primary","en","NVD-CWE-Other","CVE-1999-0625"
"778","nvd@nist.gov","Primary","en","NVD-CWE-Other","CVE-1999-0629"
"779","nvd@nist.gov","Primary","en","NVD-CWE-Other","CVE-1999-0630"
"780","nvd@nist.gov","Primary","en","NVD-CWE-Other","CVE-1999-0632"
"781","nvd@nist.gov","Primary","en","NVD-CWE-Other","CVE-1999-0635"
"782","nvd@nist.gov","Primary","en","NVD-CWE-Other","CVE-1999-0636"
"783","nvd@nist.gov","Primary","en","NVD-CWE-Other","CVE-1999-0637"
"784","nvd@nist.gov","Primary","en","NVD-CWE-Other","CVE-1999-0638"
"785","nvd@nist.gov","Primary","en","NVD-CWE-Other","CVE-1999-0639"
"786","nvd@nist.gov","Primary","en","NVD-CWE-Other","CVE-1999-0640"
"787","nvd@nist.gov","Primary","en","NVD-CWE-Other","CVE-1999-0641"
"788","nvd@nist.gov","Primary","en","NVD-CWE-Other","CVE-1999-0650"
"789","nvd@nist.gov","Primary","en","NVD-CWE-Other","CVE-1999-0650"
"790","nvd@nist.gov","Primary","en","NVD-CWE-Other","CVE-1999-0651"
"791","nvd@nist.gov","Primary","en","NVD-CWE-Other","CVE-1999-0653"
"792","nvd@nist.gov","Primary","en","NVD-CWE-Other","CVE-1999-0654"
"793","nvd@nist.gov","Primary","en","CWE-16","CVE-1999-0656"
"794","nvd@nist.gov","Primary","en","NVD-CWE-Other","CVE-1999-0657"
"795","nvd@nist.gov","Primary","en","NVD-CWE-Other","CVE-1999-0661"
"796","nvd@nist.gov","Primary","en","NVD-CWE-Other","CVE-1999-0662"
"797","nvd@nist.gov","Primary","en","NVD-CWE-Other","CVE-1999-0663"
"798","nvd@nist.gov","Primary","en","NVD-CWE-Other","CVE-1999-0664"
"799","nvd@nist.gov","Primary","en","NVD-CWE-Other","CVE-1999-0665"
"800","nvd@nist.gov","Primary","en","NVD-CWE-Other","CVE-1999-0698"
"801","nvd@nist.gov","Primary","en","NVD-CWE-Other","CVE-1999-1430"
"802","nvd@nist.gov","Primary","en","NVD-CWE-Other","CVE-1999-1440"
"803","nvd@nist.gov","Primary","en","NVD-CWE-Other","CVE-1999-1568"
"804","nvd@nist.gov","Primary","en","NVD-CWE-Other","CVE-1999-0402"
"805","nvd@nist.gov","Primary","en","NVD-CWE-Other","CVE-1999-1170"
"806","nvd@nist.gov","Primary","en","NVD-CWE-Other","CVE-1999-1422"
"807","nvd@nist.gov","Primary","en","NVD-CWE-Other","CVE-2000-0005"
"808","nvd@nist.gov","Primary","en","NVD-CWE-Other","CVE-1999-0389"
"809","nvd@nist.gov","Primary","en","NVD-CWE-Other","CVE-1999-0914"
"810","nvd@nist.gov","Primary","en","NVD-CWE-Other","CVE-2000-0054"
"811","nvd@nist.gov","Primary","en","NVD-CWE-Other","CVE-1999-0390"
"812","nvd@nist.gov","Primary","en","NVD-CWE-Other","CVE-1999-0464"
"813","nvd@nist.gov","Primary","en","NVD-CWE-Other","CVE-1999-0391"
"814","nvd@nist.gov","Primary","en","NVD-CWE-Other","CVE-1999-0458"
"815","nvd@nist.gov","Primary","en","NVD-CWE-Other","CVE-1999-1268"
"816","nvd@nist.gov","Primary","en","NVD-CWE-Other","CVE-1999-0442"
"817","nvd@nist.gov","Primary","en","NVD-CWE-Other","CVE-1999-0392"
"818","nvd@nist.gov","Primary","en","NVD-CWE-Other","CVE-1999-0063"
"819","nvd@nist.gov","Primary","en","NVD-CWE-Other","CVE-1999-1172"
"820","nvd@nist.gov","Primary","en","NVD-CWE-Other","CVE-1999-1376"
"821","nvd@nist.gov","Primary","en","NVD-CWE-Other","CVE-1999-1538"
"822","nvd@nist.gov","Primary","en","NVD-CWE-Other","CVE-1999-0457"
"823","nvd@nist.gov","Primary","en","NVD-CWE-Other","CVE-1999-0678"
"824","nvd@nist.gov","Primary","en","NVD-CWE-Other","CVE-1999-0119"
"825","nvd@nist.gov","Primary","en","NVD-CWE-Other","CVE-1999-0451"
"826","nvd@nist.gov","Primary","en","NVD-CWE-Other","CVE-1999-0121"
"827","nvd@nist.gov","Primary","en","NVD-CWE-Other","CVE-1999-1264"
"828","nvd@nist.gov","Primary","en","NVD-CWE-Other","CVE-1999-1544"
"829","nvd@nist.gov","Primary","en","NVD-CWE-Other","CVE-1999-0352"
"830","nvd@nist.gov","Primary","en","NVD-CWE-Other","CVE-1999-0356"
"831","nvd@nist.gov","Primary","en","NVD-CWE-Other","CVE-1999-0357"
"832","nvd@nist.gov","Primary","en","NVD-CWE-Other","CVE-1999-1458"
"833","nvd@nist.gov","Primary","en","NVD-CWE-Other","CVE-1999-0347"
"834","nvd@nist.gov","Primary","en","NVD-CWE-Other","CVE-1999-0400"
"835","nvd@nist.gov","Primary","en","NVD-CWE-Other","CVE-1999-0449"
"836","nvd@nist.gov","Primary","en","NVD-CWE-Other","CVE-1999-0450"
"837","nvd@nist.gov","Primary","en","CWE-200","CVE-1999-0348"
"838","nvd@nist.gov","Primary","en","CWE-119","CVE-1999-0349"
"839","nvd@nist.gov","Primary","en","NVD-CWE-Other","CVE-1999-1450"
"840","nvd@nist.gov","Primary","en","NVD-CWE-Other","CVE-1999-0461"
"841","nvd@nist.gov","Primary","en","NVD-CWE-Other","CVE-1999-0952"
"842","nvd@nist.gov","Primary","en","NVD-CWE-Other","CVE-1999-1546"
"843","nvd@nist.gov","Primary","en","NVD-CWE-Other","CVE-2000-0370"
"844","nvd@nist.gov","Primary","en","NVD-CWE-Other","CVE-2000-0370"
"845","nvd@nist.gov","Primary","en","NVD-CWE-Other","CVE-1999-0360"
"846","nvd@nist.gov","Primary","en","NVD-CWE-Other","CVE-1999-0291"
"847","nvd@nist.gov","Primary","en","NVD-CWE-Other","CVE-1999-0351"
"848","nvd@nist.gov","Primary","en","NVD-CWE-Other","CVE-1999-0358"
"849","nvd@nist.gov","Primary","en","NVD-CWE-Other","CVE-1999-0373"
"850","nvd@nist.gov","Primary","en","NVD-CWE-Other","CVE-1999-0403"
"851","nvd@nist.gov","Primary","en","NVD-CWE-Other","CVE-1999-0459"
"852","nvd@nist.gov","Primary","en","NVD-CWE-Other","CVE-1999-0362"
"853","nvd@nist.gov","Primary","en","NVD-CWE-Other","CVE-1999-0363"
"854","nvd@nist.gov","Primary","en","NVD-CWE-Other","CVE-1999-0383"
"855","nvd@nist.gov","Primary","en","NVD-CWE-Other","CVE-1999-1171"
"856","nvd@nist.gov","Primary","en","NVD-CWE-Other","CVE-1999-1453"
"857","nvd@nist.gov","Primary","en","NVD-CWE-Other","CVE-1999-0365"
"858","nvd@nist.gov","Primary","en","NVD-CWE-Other","CVE-1999-1169"
"859","nvd@nist.gov","Primary","en","NVD-CWE-Other","CVE-1999-1201"
"860","nvd@nist.gov","Primary","en","NVD-CWE-Other","CVE-1999-0350"
"861","nvd@nist.gov","Primary","en","CWE-287","CVE-1999-0366"
"862","nvd@nist.gov","Primary","en","NVD-CWE-Other","CVE-1999-0367"
"863","nvd@nist.gov","Primary","en","NVD-CWE-Other","CVE-1999-0368"
"864","nvd@nist.gov","Primary","en","NVD-CWE-Other","CVE-1999-0407"
"865","nvd@nist.gov","Primary","en","NVD-CWE-Other","CVE-1999-0353"
"866","nvd@nist.gov","Primary","en","NVD-CWE-Other","CVE-1999-0370"
"867","nvd@nist.gov","Primary","en","NVD-CWE-Other","CVE-1999-0371"
"868","nvd@nist.gov","Primary","en","NVD-CWE-Other","CVE-1999-1375"
"869","nvd@nist.gov","Primary","en","CWE-200","CVE-1999-0372"
"870","nvd@nist.gov","Primary","en","NVD-CWE-Other","CVE-1999-1203"
"871","nvd@nist.gov","Primary","en","NVD-CWE-Other","CVE-1999-0404"
"872","nvd@nist.gov","Primary","en","NVD-CWE-Other","CVE-1999-0714"
"873","nvd@nist.gov","Primary","en","NVD-CWE-Other","CVE-1999-1260"
"874","nvd@nist.gov","Primary","en","NVD-CWE-Other","CVE-1999-0374"
"875","nvd@nist.gov","Primary","en","NVD-CWE-Other","CVE-1999-0375"
"876","nvd@nist.gov","Primary","en","NVD-CWE-Other","CVE-1999-1180"
"877","nvd@nist.gov","Primary","en","NVD-CWE-Other","CVE-1999-0396"
"878","nvd@nist.gov","Primary","en","NVD-CWE-Other","CVE-1999-1060"
"879","nvd@nist.gov","Primary","en","NVD-CWE-Other","CVE-1999-1405"
"880","nvd@nist.gov","Primary","en","NVD-CWE-Other","CVE-1999-0405"
"881","nvd@nist.gov","Primary","en","NVD-CWE-Other","CVE-1999-1495"
"882","nvd@nist.gov","Primary","en","NVD-CWE-Other","CVE-2000-0367"
"883","nvd@nist.gov","Primary","en","NVD-CWE-Other","CVE-2000-0367"
"884","nvd@nist.gov","Primary","en","NVD-CWE-Other","CVE-1999-0406"
"885","nvd@nist.gov","Primary","en","NVD-CWE-Other","CVE-1999-0412"
"886","nvd@nist.gov","Primary","en","NVD-CWE-Other","CVE-1999-0460"
"887","nvd@nist.gov","Primary","en","NVD-CWE-Other","CVE-1999-0485"
"888","nvd@nist.gov","Primary","en","NVD-CWE-Other","CVE-1999-1101"
"889","nvd@nist.gov","Primary","en","NVD-CWE-Other","CVE-1999-1255"
"890","nvd@nist.gov","Primary","en","NVD-CWE-Other","CVE-1999-1372"
"891","nvd@nist.gov","Primary","en","NVD-CWE-Other","CVE-1999-1482"
"892","nvd@nist.gov","Primary","en","NVD-CWE-Other","CVE-1999-0376"
"893","nvd@nist.gov","Primary","en","NVD-CWE-Other","CVE-1999-1168"
"894","nvd@nist.gov","Primary","en","NVD-CWE-Other","CVE-1999-1049"
"895","nvd@nist.gov","Primary","en","NVD-CWE-Other","CVE-1999-0377"
"896","nvd@nist.gov","Primary","en","NVD-CWE-Other","CVE-1999-0378"
"897","nvd@nist.gov","Primary","en","NVD-CWE-Other","CVE-1999-0379"
"898","nvd@nist.gov","Primary","en","NVD-CWE-Other","CVE-1999-0441"
"899","nvd@nist.gov","Primary","en","NVD-CWE-Other","CVE-1999-0484"
"900","nvd@nist.gov","Primary","en","NVD-CWE-Other","CVE-1999-1247"
"901","nvd@nist.gov","Primary","en","NVD-CWE-Other","CVE-1999-0380"
"902","nvd@nist.gov","Primary","en","NVD-CWE-Other","CVE-1999-0408"
"903","nvd@nist.gov","Primary","en","NVD-CWE-Other","CVE-1999-0483"
"904","nvd@nist.gov","Primary","en","NVD-CWE-Other","CVE-1999-0381"
"905","nvd@nist.gov","Primary","en","NVD-CWE-Other","CVE-1999-0221"
"906","nvd@nist.gov","Primary","en","NVD-CWE-Other","CVE-1999-0222"
"907","nvd@nist.gov","Primary","en","NVD-CWE-Other","CVE-1999-0223"
"908","nvd@nist.gov","Primary","en","NVD-CWE-Other","CVE-1999-0261"
"909","nvd@nist.gov","Primary","en","NVD-CWE-Other","CVE-1999-0386"
"910","nvd@nist.gov","Primary","en","NVD-CWE-Other","CVE-1999-0413"
"911","nvd@nist.gov","Primary","en","NVD-CWE-Other","CVE-1999-0414"
"912","nvd@nist.gov","Primary","en","NVD-CWE-Other","CVE-1999-0419"
"913","nvd@nist.gov","Primary","en","NVD-CWE-Other","CVE-1999-0426"
"914","nvd@nist.gov","Primary","en","NVD-CWE-Other","CVE-1999-0429"
"915","nvd@nist.gov","Primary","en","NVD-CWE-Other","CVE-1999-0430"
"916","nvd@nist.gov","Primary","en","NVD-CWE-Other","CVE-1999-0431"
"917","nvd@nist.gov","Primary","en","NVD-CWE-Other","CVE-1999-0432"
"918","nvd@nist.gov","Primary","en","NVD-CWE-Other","CVE-1999-0435"
"919","nvd@nist.gov","Primary","en","NVD-CWE-Other","CVE-1999-0436"
"920","nvd@nist.gov","Primary","en","NVD-CWE-Other","CVE-1999-0437"
"921","nvd@nist.gov","Primary","en","NVD-CWE-Other","CVE-1999-0438"
"922","nvd@nist.gov","Primary","en","NVD-CWE-Other","CVE-1999-0440"
"923","nvd@nist.gov","Primary","en","NVD-CWE-Other","CVE-1999-0476"
"924","nvd@nist.gov","Primary","en","NVD-CWE-Other","CVE-1999-0479"
"925","nvd@nist.gov","Primary","en","NVD-CWE-Other","CVE-1999-1046"
"926","nvd@nist.gov","Primary","en","NVD-CWE-Other","CVE-2000-0371"
"927","nvd@nist.gov","Primary","en","NVD-CWE-Other","CVE-2000-0371"
"928","nvd@nist.gov","Primary","en","NVD-CWE-Other","CVE-1999-1551"
"929","nvd@nist.gov","Primary","en","NVD-CWE-Other","CVE-1999-0409"
"930","nvd@nist.gov","Primary","en","NVD-CWE-Other","CVE-1999-1256"
"931","nvd@nist.gov","Primary","en","NVD-CWE-Other","CVE-2000-0019"
"932","nvd@nist.gov","Primary","en","NVD-CWE-Other","CVE-1999-0410"
"933","nvd@nist.gov","Primary","en","NVD-CWE-Other","CVE-1999-0411"
"934","nvd@nist.gov","Primary","en","NVD-CWE-Other","CVE-1999-0418"
"935","nvd@nist.gov","Primary","en","NVD-CWE-Other","CVE-1999-1254"
"936","nvd@nist.gov","Primary","en","NVD-CWE-Other","CVE-1999-1371"
"937","nvd@nist.gov","Primary","en","NVD-CWE-Other","CVE-1999-1567"
"938","nvd@nist.gov","Primary","en","NVD-CWE-Other","CVE-1999-0417"
"939","nvd@nist.gov","Primary","en","NVD-CWE-Other","CVE-1999-0415"
"940","nvd@nist.gov","Primary","en","NVD-CWE-Other","CVE-1999-0416"
"941","nvd@nist.gov","Primary","en","NVD-CWE-Other","CVE-1999-1526"
"942","nvd@nist.gov","Primary","en","NVD-CWE-Other","CVE-1999-0382"
"943","nvd@nist.gov","Primary","en","NVD-CWE-Other","CVE-1999-0420"
"944","nvd@nist.gov","Primary","en","NVD-CWE-Other","CVE-1999-0421"
"945","nvd@nist.gov","Primary","en","NVD-CWE-Other","CVE-1999-0422"
"946","nvd@nist.gov","Primary","en","NVD-CWE-Other","CVE-1999-0462"
"947","nvd@nist.gov","Primary","en","NVD-CWE-Other","CVE-1999-0424"
"948","nvd@nist.gov","Primary","en","NVD-CWE-Other","CVE-1999-0425"
"949","nvd@nist.gov","Primary","en","NVD-CWE-Other","CVE-1999-0433"
"950","nvd@nist.gov","Primary","en","NVD-CWE-Other","CVE-1999-0482"
"951","nvd@nist.gov","Primary","en","CWE-384","CVE-1999-0428"
"952","nvd@nist.gov","Primary","en","NVD-CWE-Other","CVE-1999-0481"
"953","nvd@nist.gov","Primary","en","NVD-CWE-Other","CVE-1999-1370"
"954","nvd@nist.gov","Primary","en","NVD-CWE-Other","CVE-1999-1397"
"955","nvd@nist.gov","Primary","en","NVD-CWE-Other","CVE-2000-0153"
"956","nvd@nist.gov","Primary","en","NVD-CWE-Other","CVE-1999-0434"
"957","nvd@nist.gov","Primary","en","NVD-CWE-Other","CVE-1999-1559"
"958","nvd@nist.gov","Primary","en","NVD-CWE-Other","CVE-1999-0443"
"959","nvd@nist.gov","Primary","en","NVD-CWE-Other","CVE-1999-0445"
"960","nvd@nist.gov","Primary","en","NVD-CWE-Other","CVE-1999-0447"
"961","nvd@nist.gov","Primary","en","NVD-CWE-Other","CVE-1999-0467"
"962","nvd@nist.gov","Primary","en","NVD-CWE-Other","CVE-1999-0469"
"963","nvd@nist.gov","Primary","en","NVD-CWE-Other","CVE-1999-0480"
"964","nvd@nist.gov","Primary","en","CWE-200","CVE-1999-0605"
"965","nvd@nist.gov","Primary","en","CWE-200","CVE-1999-0606"
"966","nvd@nist.gov","Primary","en","NVD-CWE-Other","CVE-1999-0608"
"967","nvd@nist.gov","Primary","en","NVD-CWE-Other","CVE-1999-0609"
"968","nvd@nist.gov","Primary","en","NVD-CWE-Other","CVE-1999-0610"
"969","nvd@nist.gov","Primary","en","NVD-CWE-Other","CVE-1999-0921"
"970","nvd@nist.gov","Primary","en","NVD-CWE-Other","CVE-1999-0439"
"971","nvd@nist.gov","Primary","en","NVD-CWE-Other","CVE-1999-0474"
"972","nvd@nist.gov","Primary","en","NVD-CWE-Other","CVE-1999-0475"
"973","nvd@nist.gov","Primary","en","NVD-CWE-Other","CVE-1999-1245"
"974","nvd@nist.gov","Primary","en","NVD-CWE-Other","CVE-1999-0472"
"975","nvd@nist.gov","Primary","en","NVD-CWE-Other","CVE-1999-0473"
"976","nvd@nist.gov","Primary","en","NVD-CWE-Other","CVE-1999-1196"
"977","nvd@nist.gov","Primary","en","NVD-CWE-Other","CVE-1999-0287"
"978","nvd@nist.gov","Primary","en","NVD-CWE-Other","CVE-1999-0468"
"979","nvd@nist.gov","Primary","en","NVD-CWE-Other","CVE-1999-0470"
"980","nvd@nist.gov","Primary","en","NVD-CWE-Other","CVE-1999-0471"
"981","nvd@nist.gov","Primary","en","NVD-CWE-Other","CVE-1999-0801"
"982","nvd@nist.gov","Primary","en","NVD-CWE-Other","CVE-1999-1323"
"983","nvd@nist.gov","Primary","en","NVD-CWE-Other","CVE-1999-0444"
"984","nvd@nist.gov","Primary","en","NVD-CWE-Other","CVE-1999-0446"
"985","nvd@nist.gov","Primary","en","NVD-CWE-Other","CVE-1999-1369"
"986","nvd@nist.gov","Primary","en","NVD-CWE-Other","CVE-1999-1244"
"987","nvd@nist.gov","Primary","en","NVD-CWE-Other","CVE-1999-0684"
"988","nvd@nist.gov","Primary","en","CWE-94","CVE-1999-0491"
"989","nvd@nist.gov","Primary","en","NVD-CWE-Other","CVE-1999-0604"
"990","nvd@nist.gov","Primary","en","NVD-CWE-Other","CVE-1999-0607"
"991","nvd@nist.gov","Primary","en","NVD-CWE-Other","CVE-1999-0466"
"992","nvd@nist.gov","Primary","en","NVD-CWE-Other","CVE-1999-0488"
"993","nvd@nist.gov","Primary","en","NVD-CWE-Other","CVE-1999-0490"
"994","nvd@nist.gov","Primary","en","NVD-CWE-Other","CVE-1999-0492"
"995","nvd@nist.gov","Primary","en","NVD-CWE-Other","CVE-1999-0712"
"996","nvd@nist.gov","Primary","en","NVD-CWE-Other","CVE-1999-0711"
"997","nvd@nist.gov","Primary","en","NVD-CWE-Other","CVE-1999-0194"
"998","nvd@nist.gov","Primary","en","NVD-CWE-Other","CVE-1999-0487"
"999","nvd@nist.gov","Primary","en","NVD-CWE-Other","CVE-1999-0763"
"1000","nvd@nist.gov","Primary","en","NVD-CWE-Other","CVE-1999-0764"
"1001","nvd@nist.gov","Primary","en","NVD-CWE-Other","CVE-1999-0807"
"1002","nvd@nist.gov","Primary","en","NVD-CWE-Other","CVE-1999-1418"
"1003","nvd@nist.gov","Primary","en","NVD-CWE-Other","CVE-1999-1553"
"1004","nvd@nist.gov","Primary","en","NVD-CWE-Other","CVE-2000-0412"
"1005","nvd@nist.gov","Primary","en","NVD-CWE-Other","CVE-1999-1012"
"1006","nvd@nist.gov","Primary","en","NVD-CWE-Other","CVE-1999-1097"
"1007","nvd@nist.gov","Primary","en","NVD-CWE-Other","CVE-1999-1195"
"1008","nvd@nist.gov","Primary","en","NVD-CWE-Other","CVE-1999-1079"
"1009","nvd@nist.gov","Primary","en","NVD-CWE-Other","CVE-1999-1241"
"1010","nvd@nist.gov","Primary","en","NVD-CWE-Other","CVE-1999-1367"
"1011","nvd@nist.gov","Primary","en","NVD-CWE-Other","CVE-1999-0686"
"1012","nvd@nist.gov","Primary","en","NVD-CWE-Other","CVE-1999-0717"
"1013","nvd@nist.gov","Primary","en","NVD-CWE-Other","CVE-1999-0736"
"1014","nvd@nist.gov","Primary","en","NVD-CWE-Other","CVE-1999-0737"
"1015","nvd@nist.gov","Primary","en","NVD-CWE-Other","CVE-1999-0738"
"1016","nvd@nist.gov","Primary","en","NVD-CWE-Other","CVE-1999-0739"
"1017","nvd@nist.gov","Primary","en","NVD-CWE-Other","CVE-1999-1566"
"1018","nvd@nist.gov","Primary","en","NVD-CWE-Other","CVE-1999-0806"
"1019","nvd@nist.gov","Primary","en","NVD-CWE-Other","CVE-1999-0754"
"1020","nvd@nist.gov","Primary","en","NVD-CWE-Other","CVE-1999-0773"
"1021","nvd@nist.gov","Primary","en","NVD-CWE-Other","CVE-1999-0785"
"1022","nvd@nist.gov","Primary","en","NVD-CWE-Other","CVE-1999-1033"
"1023","nvd@nist.gov","Primary","en","NVD-CWE-Other","CVE-1999-1520"
"1024","nvd@nist.gov","Primary","en","NVD-CWE-Other","CVE-1999-0229"
"1025","nvd@nist.gov","Primary","en","NVD-CWE-Other","CVE-1999-0776"
"1026","nvd@nist.gov","Primary","en","NVD-CWE-Other","CVE-1999-1368"
"1027","nvd@nist.gov","Primary","en","NVD-CWE-Other","CVE-1999-1029"
"1028","nvd@nist.gov","Primary","en","NVD-CWE-Other","CVE-1999-1366"
"1029","nvd@nist.gov","Primary","en","NVD-CWE-Other","CVE-1999-0489"
"1030","nvd@nist.gov","Primary","en","NVD-CWE-Other","CVE-1999-0716"
"1031","nvd@nist.gov","Primary","en","NVD-CWE-Other","CVE-1999-1156"
"1032","nvd@nist.gov","Primary","en","NVD-CWE-Other","CVE-1999-1510"
"1033","nvd@nist.gov","Primary","en","NVD-CWE-Other","CVE-1999-0765"
"1034","nvd@nist.gov","Primary","en","NVD-CWE-Other","CVE-1999-1030"
"1035","nvd@nist.gov","Primary","en","NVD-CWE-Other","CVE-1999-1031"
"1036","nvd@nist.gov","Primary","en","NVD-CWE-Other","CVE-1999-0715"
"1037","nvd@nist.gov","Primary","en","NVD-CWE-Other","CVE-1999-1393"
"1038","nvd@nist.gov","Primary","en","NVD-CWE-Other","CVE-1999-0928"
"1039","nvd@nist.gov","Primary","en","NVD-CWE-Other","CVE-1999-0762"
"1040","nvd@nist.gov","Primary","en","NVD-CWE-Other","CVE-1999-0803"
"1041","nvd@nist.gov","Primary","en","NVD-CWE-Other","CVE-1999-1414"
"1042","nvd@nist.gov","Primary","en","NVD-CWE-Other","CVE-1999-0771"
"1043","nvd@nist.gov","Primary","en","NVD-CWE-Other","CVE-1999-0920"
"1044","nvd@nist.gov","Primary","en","NVD-CWE-Other","CVE-1999-0927"
"1045","nvd@nist.gov","Primary","en","CWE-255","CVE-1999-0755"
"1046","nvd@nist.gov","Primary","en","CWE-119","CVE-1999-0802"
"1047","nvd@nist.gov","Primary","en","NVD-CWE-Other","CVE-1999-0917"
"1048","nvd@nist.gov","Primary","en","NVD-CWE-Other","CVE-1999-1028"
"1049","nvd@nist.gov","Primary","en","NVD-CWE-Other","CVE-1999-1485"
"1050","nvd@nist.gov","Primary","en","NVD-CWE-Other","CVE-2000-0333"
"1051","nvd@nist.gov","Primary","en","NVD-CWE-Other","CVE-1999-0772"
"1052","nvd@nist.gov","Primary","en","NVD-CWE-Other","CVE-1999-0804"
"1053","nvd@nist.gov","Primary","en","NVD-CWE-Other","CVE-1999-1063"
"1054","nvd@nist.gov","Primary","en","NVD-CWE-Other","CVE-2000-0364"
"1055","nvd@nist.gov","Primary","en","NVD-CWE-Other","CVE-2000-0365"
"1056","nvd@nist.gov","Primary","en","NVD-CWE-Other","CVE-2000-0373"
"1057","nvd@nist.gov","Primary","en","NVD-CWE-Other","CVE-2000-0481"
"1058","nvd@nist.gov","Primary","en","NVD-CWE-Other","CVE-1999-1400"
"1059","nvd@nist.gov","Primary","en","NVD-CWE-noinfo","CVE-1999-1412"
"1060","nvd@nist.gov","Primary","en","NVD-CWE-Other","CVE-1999-0970"
"1061","nvd@nist.gov","Primary","en","CWE-120","CVE-1999-1237"
"1062","nvd@nist.gov","Primary","en","NVD-CWE-Other","CVE-1999-0493"
"1063","nvd@nist.gov","Primary","en","NVD-CWE-Other","CVE-1999-1496"
"1064","nvd@nist.gov","Primary","en","NVD-CWE-Other","CVE-1999-1231"
"1065","nvd@nist.gov","Primary","en","NVD-CWE-Other","CVE-2000-0118"
"1066","nvd@nist.gov","Primary","en","NVD-CWE-Other","CVE-1999-0775"
"1067","nvd@nist.gov","Primary","en","NVD-CWE-Other","CVE-1999-1023"
"1068","nvd@nist.gov","Primary","en","NVD-CWE-Other","CVE-1999-0713"
"1069","nvd@nist.gov","Primary","en","NVD-CWE-Other","CVE-1999-0730"
"1070","nvd@nist.gov","Primary","en","CWE-119","CVE-1999-0874"
"1071","nvd@nist.gov","Primary","en","NVD-CWE-Other","CVE-1999-0929"
"1072","nvd@nist.gov","Primary","en","NVD-CWE-Other","CVE-1999-0742"
"1073","nvd@nist.gov","Primary","en","NVD-CWE-Other","CVE-1999-0723"
"1074","nvd@nist.gov","Primary","en","NVD-CWE-Other","CVE-1999-0731"
"1075","nvd@nist.gov","Primary","en","NVD-CWE-Other","CVE-1999-1019"
"1076","nvd@nist.gov","Primary","en","NVD-CWE-Other","CVE-1999-0748"
"1077","nvd@nist.gov","Primary","en","NVD-CWE-Other","CVE-1999-1470"
"1078","nvd@nist.gov","Primary","en","NVD-CWE-Other","CVE-1999-0778"
"1079","nvd@nist.gov","Primary","en","NVD-CWE-Other","CVE-1999-1164"
"1080","nvd@nist.gov","Primary","en","NVD-CWE-Other","CVE-1999-0733"
"1081","nvd@nist.gov","Primary","en","NVD-CWE-Other","CVE-1999-0938"
"1082","nvd@nist.gov","Primary","en","NVD-CWE-Other","CVE-1999-1365"
"1083","nvd@nist.gov","Primary","en","NVD-CWE-Other","CVE-2000-0353"
"1084","nvd@nist.gov","Primary","en","NVD-CWE-Other","CVE-1999-0916"
"1085","nvd@nist.gov","Primary","en","NVD-CWE-Other","CVE-1999-0140"
"1086","nvd@nist.gov","Primary","en","CWE-20","CVE-1999-0726"
"1087","nvd@nist.gov","Primary","en","NVD-CWE-Other","CVE-1999-1348"
"1088","nvd@nist.gov","Primary","en","NVD-CWE-Other","CVE-1999-0688"
"1089","nvd@nist.gov","Primary","en","NVD-CWE-Other","CVE-1999-0690"
"1090","nvd@nist.gov","Primary","en","NVD-CWE-Other","CVE-1999-0696"
"1091","nvd@nist.gov","Primary","en","NVD-CWE-Other","CVE-1999-0707"
"1092","nvd@nist.gov","Primary","en","NVD-CWE-Other","CVE-1999-0889"
"1093","nvd@nist.gov","Primary","en","NVD-CWE-Other","CVE-1999-1394"
"1094","nvd@nist.gov","Primary","en","CWE-20","CVE-1999-0918"
"1095","nvd@nist.gov","Primary","en","CWE-264","CVE-1999-0728"
"1096","nvd@nist.gov","Primary","en","NVD-CWE-Other","CVE-1999-0752"
"1097","nvd@nist.gov","Primary","en","NVD-CWE-Other","CVE-1999-1478"
"1098","nvd@nist.gov","Primary","en","NVD-CWE-Other","CVE-1999-1537"
"1099","nvd@nist.gov","Primary","en","NVD-CWE-Other","CVE-1999-0809"
"1100","nvd@nist.gov","Primary","en","NVD-CWE-Other","CVE-1999-1543"
"1101","nvd@nist.gov","Primary","en","NVD-CWE-Other","CVE-1999-1166"
"1102","nvd@nist.gov","Primary","en","NVD-CWE-Other","CVE-1999-1460"
"1103","nvd@nist.gov","Primary","en","NVD-CWE-Other","CVE-1999-1545"
"1104","nvd@nist.gov","Primary","en","NVD-CWE-Other","CVE-1999-1086"
"1105","nvd@nist.gov","Primary","en","NVD-CWE-Other","CVE-1999-1518"
"1106","nvd@nist.gov","Primary","en","NVD-CWE-Other","CVE-1999-0692"
"1107","nvd@nist.gov","Primary","en","CWE-264","CVE-1999-1011"
"1108","nvd@nist.gov","Primary","en","NVD-CWE-Other","CVE-1999-1378"
"1109","nvd@nist.gov","Primary","en","CWE-20","CVE-1999-0721"
"1110","nvd@nist.gov","Primary","en","NVD-CWE-Other","CVE-1999-1535"
"1111","nvd@nist.gov","Primary","en","NVD-CWE-Other","CVE-1999-1560"
"1112","nvd@nist.gov","Primary","en","NVD-CWE-Other","CVE-1999-0810"
"1113","nvd@nist.gov","Primary","en","NVD-CWE-Other","CVE-1999-0811"
"1114","nvd@nist.gov","Primary","en","NVD-CWE-Other","CVE-1999-1165"
"1115","nvd@nist.gov","Primary","en","NVD-CWE-Other","CVE-1999-1338"
"1116","nvd@nist.gov","Primary","en","NVD-CWE-Other","CVE-1999-0224"
"1117","nvd@nist.gov","Primary","en","NVD-CWE-Other","CVE-1999-0710"
"1118","nvd@nist.gov","Primary","en","NVD-CWE-Other","CVE-1999-1018"
"1119","nvd@nist.gov","Primary","en","NVD-CWE-Other","CVE-1999-1017"
"1120","nvd@nist.gov","Primary","en","NVD-CWE-Other","CVE-2000-0323"
"1121","nvd@nist.gov","Primary","en","CWE-119","CVE-1999-0700"
"1122","nvd@nist.gov","Primary","en","NVD-CWE-Other","CVE-1999-0770"
"1123","nvd@nist.gov","Primary","en","NVD-CWE-Other","CVE-1999-1078"
"1124","nvd@nist.gov","Primary","en","NVD-CWE-Other","CVE-1999-0683"
"1125","nvd@nist.gov","Primary","en","NVD-CWE-Other","CVE-1999-1130"
"1126","nvd@nist.gov","Primary","en","NVD-CWE-Other","CVE-1999-1227"
"1127","nvd@nist.gov","Primary","en","NVD-CWE-Other","CVE-1999-1536"
"1128","nvd@nist.gov","Primary","en","NVD-CWE-Other","CVE-1999-0672"
"1129","nvd@nist.gov","Primary","en","NVD-CWE-Other","CVE-1999-1337"
"1130","nvd@nist.gov","Primary","en","NVD-CWE-Other","CVE-1999-0671"
"1131","nvd@nist.gov","Primary","en","NVD-CWE-Other","CVE-1999-0677"
"1132","nvd@nist.gov","Primary","en","NVD-CWE-Other","CVE-1999-0703"
"1133","nvd@nist.gov","Primary","en","NVD-CWE-Other","CVE-1999-0719"
"1134","nvd@nist.gov","Primary","en","NVD-CWE-Other","CVE-1999-0913"
"1135","nvd@nist.gov","Primary","en","NVD-CWE-noinfo","CVE-1999-0682"
"1136","nvd@nist.gov","Primary","en","NVD-CWE-Other","CVE-1999-0727"
"1137","nvd@nist.gov","Primary","en","NVD-CWE-Other","CVE-1999-1524"
"1138","nvd@nist.gov","Primary","en","NVD-CWE-Other","CVE-1999-0673"
"1139","nvd@nist.gov","Primary","en","NVD-CWE-Other","CVE-1999-0722"
"1140","nvd@nist.gov","Primary","en","NVD-CWE-Other","CVE-1999-0674"
"1141","nvd@nist.gov","Primary","en","NVD-CWE-Other","CVE-1999-0675"
"1142","nvd@nist.gov","Primary","en","NVD-CWE-Other","CVE-1999-0676"
"1143","nvd@nist.gov","Primary","en","CWE-287","CVE-1999-0680"
"1144","nvd@nist.gov","Primary","en","NVD-CWE-Other","CVE-1999-0813"
"1145","nvd@nist.gov","Primary","en","NVD-CWE-Other","CVE-1999-0694"
"1146","nvd@nist.gov","Primary","en","NVD-CWE-Other","CVE-1999-0814"
"1147","nvd@nist.gov","Primary","en","CWE-362","CVE-1999-0861"
"1148","nvd@nist.gov","Primary","en","CWE-20","CVE-1999-0867"
"1149","nvd@nist.gov","Primary","en","CWE-16","CVE-1999-0875"
"1150","nvd@nist.gov","Primary","en","NVD-CWE-Other","CVE-1999-0724"
"1151","nvd@nist.gov","Primary","en","NVD-CWE-Other","CVE-1999-1336"
"1152","nvd@nist.gov","Primary","en","NVD-CWE-Other","CVE-1999-0679"
"1153","nvd@nist.gov","Primary","en","NVD-CWE-Other","CVE-1999-0746"
"1154","nvd@nist.gov","Primary","en","NVD-CWE-Other","CVE-1999-0749"
"1155","nvd@nist.gov","Primary","en","NVD-CWE-Other","CVE-1999-0888"
"1156","nvd@nist.gov","Primary","en","NVD-CWE-Other","CVE-1999-0753"
"1157","nvd@nist.gov","Primary","en","NVD-CWE-Other","CVE-1999-0745"
"1158","nvd@nist.gov","Primary","en","NVD-CWE-Other","CVE-1999-0747"
"1159","nvd@nist.gov","Primary","en","CWE-16","CVE-1999-0725"
"1160","nvd@nist.gov","Primary","en","NVD-CWE-Other","CVE-1999-0732"
"1161","nvd@nist.gov","Primary","en","NVD-CWE-Other","CVE-1999-0734"
"1162","nvd@nist.gov","Primary","en","NVD-CWE-Other","CVE-1999-0740"
"1163","nvd@nist.gov","Primary","en","NVD-CWE-Other","CVE-1999-0741"
"1164","nvd@nist.gov","Primary","en","NVD-CWE-Other","CVE-1999-0743"
"1165","nvd@nist.gov","Primary","en","NVD-CWE-Other","CVE-1999-1561"
"1166","nvd@nist.gov","Primary","en","NVD-CWE-Other","CVE-1999-1565"
"1167","nvd@nist.gov","Primary","en","NVD-CWE-Other","CVE-2000-0325"
"1168","nvd@nist.gov","Primary","en","NVD-CWE-Other","CVE-2000-1206"
"1169","nvd@nist.gov","Primary","en","NVD-CWE-Other","CVE-1999-0668"
"1170","nvd@nist.gov","Primary","en","NVD-CWE-Other","CVE-2000-0355"
"1171","nvd@nist.gov","Primary","en","NVD-CWE-Other","CVE-1999-0878"
"1172","nvd@nist.gov","Primary","en","NVD-CWE-Other","CVE-1999-1064"
"1173","nvd@nist.gov","Primary","en","NVD-CWE-Other","CVE-2000-0374"
"1174","nvd@nist.gov","Primary","en","NVD-CWE-Other","CVE-1999-0720"
"1175","nvd@nist.gov","Primary","en","NVD-CWE-Other","CVE-1999-1052"
"1176","nvd@nist.gov","Primary","en","NVD-CWE-Other","CVE-2000-0328"
"1177","nvd@nist.gov","Primary","en","NVD-CWE-Other","CVE-1999-0768"
"1178","nvd@nist.gov","Primary","en","NVD-CWE-Other","CVE-1999-0769"
"1179","nvd@nist.gov","Primary","en","NVD-CWE-Other","CVE-1999-0872"
"1180","nvd@nist.gov","Primary","en","NVD-CWE-Other","CVE-1999-1235"
"1181","nvd@nist.gov","Primary","en","NVD-CWE-Other","CVE-1999-0939"
"1182","nvd@nist.gov","Primary","en","NVD-CWE-Other","CVE-1999-0911"
"1183","nvd@nist.gov","Primary","en","NVD-CWE-Other","CVE-1999-1016"
"1184","nvd@nist.gov","Primary","en","NVD-CWE-Other","CVE-1999-1354"
"1185","nvd@nist.gov","Primary","en","NVD-CWE-Other","CVE-1999-1513"
"1186","nvd@nist.gov","Primary","en","NVD-CWE-Other","CVE-1999-0774"
"1187","nvd@nist.gov","Primary","en","NVD-CWE-Other","CVE-1999-1515"
"1188","nvd@nist.gov","Primary","en","NVD-CWE-Other","CVE-1999-0669"
"1189","nvd@nist.gov","Primary","en","NVD-CWE-Other","CVE-1999-0670"
"1190","nvd@nist.gov","Primary","en","NVD-CWE-Other","CVE-1999-0705"
"1191","nvd@nist.gov","Primary","en","CWE-94","CVE-1999-0891"
"1192","nvd@nist.gov","Primary","en","NVD-CWE-Other","CVE-1999-1129"
"1193","nvd@nist.gov","Primary","en","NVD-CWE-Other","CVE-1999-0685"
"1194","nvd@nist.gov","Primary","en","NVD-CWE-Other","CVE-1999-1356"
"1195","nvd@nist.gov","Primary","en","NVD-CWE-Other","CVE-1999-1516"
"1196","nvd@nist.gov","Primary","en","NVD-CWE-Other","CVE-1999-1564"
"1197","nvd@nist.gov","Primary","en","NVD-CWE-Other","CVE-1999-0925"
"1198","nvd@nist.gov","Primary","en","NVD-CWE-Other","CVE-1999-0926"
"1199","nvd@nist.gov","Primary","en","NVD-CWE-Other","CVE-1999-1562"
"1200","nvd@nist.gov","Primary","en","NVD-CWE-Other","CVE-1999-1562"
"1201","nvd@nist.gov","Primary","en","NVD-CWE-Other","CVE-2000-0489"
"1202","nvd@nist.gov","Primary","en","NVD-CWE-Other","CVE-1999-1353"
"1203","nvd@nist.gov","Primary","en","NVD-CWE-Other","CVE-1999-0767"
"1204","nvd@nist.gov","Primary","en","NVD-CWE-Other","CVE-1999-0697"
"1205","nvd@nist.gov","Primary","en","NVD-CWE-Other","CVE-1999-1377"
"1206","nvd@nist.gov","Primary","en","CWE-94","CVE-1999-0702"
"1207","nvd@nist.gov","Primary","en","NVD-CWE-Other","CVE-1999-0910"
"1208","nvd@nist.gov","Primary","en","NVD-CWE-Other","CVE-1999-1575"
"1209","nvd@nist.gov","Primary","en","NVD-CWE-Other","CVE-1999-1521"
"1210","nvd@nist.gov","Primary","en","NVD-CWE-Other","CVE-1999-0687"
"1211","nvd@nist.gov","Primary","en","NVD-CWE-Other","CVE-1999-0689"
"1212","nvd@nist.gov","Primary","en","NVD-CWE-Other","CVE-1999-0691"
"1213","nvd@nist.gov","Primary","en","NVD-CWE-Other","CVE-1999-0750"
"1214","nvd@nist.gov","Primary","en","NVD-CWE-Other","CVE-1999-0751"
"1215","nvd@nist.gov","Primary","en","NVD-CWE-Other","CVE-1999-0759"
"1216","nvd@nist.gov","Primary","en","NVD-CWE-Other","CVE-1999-1014"
"1217","nvd@nist.gov","Primary","en","NVD-CWE-Other","CVE-1999-1053"
"1218","nvd@nist.gov","Primary","en","NVD-CWE-Other","CVE-1999-0817"
"1219","nvd@nist.gov","Primary","en","NVD-CWE-Other","CVE-1999-0704"
"1220","nvd@nist.gov","Primary","en","NVD-CWE-Other","CVE-1999-0890"
"1221","nvd@nist.gov","Primary","en","NVD-CWE-Other","CVE-1999-0907"
"1222","nvd@nist.gov","Primary","en","NVD-CWE-Other","CVE-1999-0953"
"1223","nvd@nist.gov","Primary","en","NVD-CWE-Other","CVE-1999-0954"
"1224","nvd@nist.gov","Primary","en","NVD-CWE-Other","CVE-1999-0787"
"1225","nvd@nist.gov","Primary","en","CWE-16","CVE-1999-0886"
"1226","nvd@nist.gov","Primary","en","CWE-264","CVE-1999-0909"
"1227","nvd@nist.gov","Primary","en","NVD-CWE-Other","CVE-1999-0708"
"1228","nvd@nist.gov","Primary","en","NVD-CWE-Other","CVE-1999-0786"
"1229","nvd@nist.gov","Primary","en","NVD-CWE-Other","CVE-1999-0912"
"1230","nvd@nist.gov","Primary","en","CWE-264","CVE-1999-0777"
"1231","nvd@nist.gov","Primary","en","NVD-CWE-Other","CVE-1999-0906"
"1232","nvd@nist.gov","Primary","en","NVD-CWE-Other","CVE-1999-0908"
"1233","nvd@nist.gov","Primary","en","NVD-CWE-Other","CVE-1999-1013"
"1234","nvd@nist.gov","Primary","en","NVD-CWE-Other","CVE-1999-1477"
"1235","nvd@nist.gov","Primary","en","NVD-CWE-Other","CVE-1999-1534"
"1236","nvd@nist.gov","Primary","en","NVD-CWE-Other","CVE-1999-1351"
"1237","nvd@nist.gov","Primary","en","NVD-CWE-Other","CVE-1999-1484"
"1238","nvd@nist.gov","Primary","en","NVD-CWE-Other","CVE-1999-1578"
"1239","nvd@nist.gov","Primary","en","NVD-CWE-Other","CVE-1999-0788"
"1240","nvd@nist.gov","Primary","en","NVD-CWE-Other","CVE-1999-0940"
"1241","nvd@nist.gov","Primary","en","NVD-CWE-Other","CVE-1999-1576"
"1242","nvd@nist.gov","Primary","en","NVD-CWE-Other","CVE-1999-0789"
"1243","nvd@nist.gov","Primary","en","NVD-CWE-Other","CVE-1999-1352"
"1244","nvd@nist.gov","Primary","en","NVD-CWE-Other","CVE-1999-1350"
"1245","nvd@nist.gov","Primary","en","NVD-CWE-Other","CVE-1999-0931"
"1246","nvd@nist.gov","Primary","en","NVD-CWE-Other","CVE-1999-0932"
"1247","nvd@nist.gov","Primary","en","NVD-CWE-Other","CVE-1999-1469"
"1248","nvd@nist.gov","Primary","en","NVD-CWE-Other","CVE-1999-1583"
"1249","nvd@nist.gov","Primary","en","CWE-59","CVE-1999-0794"
"1250","nvd@nist.gov","Primary","en","CWE-200","CVE-1999-0877"
"1251","nvd@nist.gov","Primary","en","NVD-CWE-Other","CVE-1999-0879"
"1252","nvd@nist.gov","Primary","en","NVD-CWE-Other","CVE-1999-0880"
"1253","nvd@nist.gov","Primary","en","NVD-CWE-Other","CVE-1999-0933"
"1254","nvd@nist.gov","Primary","en","NVD-CWE-Other","CVE-1999-1236"
"1255","nvd@nist.gov","Primary","en","NVD-CWE-Other","CVE-1999-1500"
"1256","nvd@nist.gov","Primary","en","NVD-CWE-Other","CVE-2000-0016"
"1257","nvd@nist.gov","Primary","en","NVD-CWE-Other","CVE-2000-0047"
"1258","nvd@nist.gov","Primary","en","NVD-CWE-Other","CVE-1999-0942"
"1259","nvd@nist.gov","Primary","en","NVD-CWE-Other","CVE-1999-1454"
"1260","nvd@nist.gov","Primary","en","NVD-CWE-Other","CVE-1999-1523"
"1261","nvd@nist.gov","Primary","en","NVD-CWE-Other","CVE-1999-1540"
"1262","nvd@nist.gov","Primary","en","NVD-CWE-Other","CVE-1999-1541"
"1263","nvd@nist.gov","Primary","en","NVD-CWE-Other","CVE-1999-1542"
"1264","nvd@nist.gov","Primary","en","NVD-CWE-Other","CVE-1999-1344"
"1265","nvd@nist.gov","Primary","en","NVD-CWE-Other","CVE-1999-1345"
"1266","nvd@nist.gov","Primary","en","NVD-CWE-Other","CVE-1999-1357"
"1267","nvd@nist.gov","Primary","en","NVD-CWE-Other","CVE-1999-0791"
"1268","nvd@nist.gov","Primary","en","NVD-CWE-Other","CVE-1999-1349"
"1269","nvd@nist.gov","Primary","en","NVD-CWE-Other","CVE-1999-1346"
"1270","nvd@nist.gov","Primary","en","NVD-CWE-Other","CVE-1999-1347"
"1271","nvd@nist.gov","Primary","en","NVD-CWE-Other","CVE-1999-1522"
"1272","nvd@nist.gov","Primary","en","NVD-CWE-Other","CVE-1999-1082"
"1273","nvd@nist.gov","Primary","en","NVD-CWE-Other","CVE-1999-1083"
"1274","nvd@nist.gov","Primary","en","NVD-CWE-Other","CVE-2000-0369"
"1275","nvd@nist.gov","Primary","en","NVD-CWE-Other","CVE-2000-0369"
"1276","nvd@nist.gov","Primary","en","NVD-CWE-Other","CVE-1999-0893"
"1277","nvd@nist.gov","Primary","en","NVD-CWE-Other","CVE-1999-1343"
"1278","nvd@nist.gov","Primary","en","NVD-CWE-Other","CVE-2000-0356"
"1279","nvd@nist.gov","Primary","en","NVD-CWE-Other","CVE-1999-0943"
"1280","nvd@nist.gov","Primary","en","NVD-CWE-Other","CVE-1999-1342"
"1281","nvd@nist.gov","Primary","en","NVD-CWE-Other","CVE-1999-1047"
"1282","nvd@nist.gov","Primary","en","NVD-CWE-Other","CVE-1999-0895"
"1283","nvd@nist.gov","Primary","en","CWE-16","CVE-1999-0766"
"1284","nvd@nist.gov","Primary","en","NVD-CWE-Other","CVE-1999-0905"
"1285","nvd@nist.gov","Primary","en","NVD-CWE-Other","CVE-2000-0327"
"1286","nvd@nist.gov","Primary","en","NVD-CWE-Other","CVE-1999-0951"
"1287","nvd@nist.gov","Primary","en","NVD-CWE-Other","CVE-1999-1341"
"1288","nvd@nist.gov","Primary","en","NVD-CWE-Other","CVE-2000-0362"
"1289","nvd@nist.gov","Primary","en","NVD-CWE-Other","CVE-2000-0362"
"1290","nvd@nist.gov","Primary","en","NVD-CWE-Other","CVE-2000-0363"
"1291","nvd@nist.gov","Primary","en","NVD-CWE-Other","CVE-2000-0363"
"1292","nvd@nist.gov","Primary","en","NVD-CWE-Other","CVE-1999-0900"
"1293","nvd@nist.gov","Primary","en","NVD-CWE-Other","CVE-1999-0901"
"1294","nvd@nist.gov","Primary","en","NVD-CWE-Other","CVE-1999-0902"
"1295","nvd@nist.gov","Primary","en","NVD-CWE-Other","CVE-1999-0944"
"1296","nvd@nist.gov","Primary","en","NVD-CWE-Other","CVE-1999-0883"
"1297","nvd@nist.gov","Primary","en","NVD-CWE-Other","CVE-1999-0884"
"1298","nvd@nist.gov","Primary","en","NVD-CWE-Other","CVE-1999-0881"
"1299","nvd@nist.gov","Primary","en","NVD-CWE-Other","CVE-1999-0903"
"1300","nvd@nist.gov","Primary","en","NVD-CWE-Other","CVE-1999-1076"
"1301","nvd@nist.gov","Primary","en","NVD-CWE-Other","CVE-1999-1234"
"1302","nvd@nist.gov","Primary","en","NVD-CWE-Other","CVE-1999-0882"
"1303","nvd@nist.gov","Primary","en","NVD-CWE-Other","CVE-1999-0915"
"1304","nvd@nist.gov","Primary","en","NVD-CWE-Other","CVE-1999-0950"
"1305","nvd@nist.gov","Primary","en","NVD-CWE-Other","CVE-1999-1226"
"1306","nvd@nist.gov","Primary","en","NVD-CWE-Other","CVE-1999-1532"
"1307","nvd@nist.gov","Primary","en","NVD-CWE-Other","CVE-1999-0873"
"1308","nvd@nist.gov","Primary","en","NVD-CWE-Other","CVE-1999-1577"
"1309","nvd@nist.gov","Primary","en","NVD-CWE-Other","CVE-1999-0354"
"1310","nvd@nist.gov","Primary","en","NVD-CWE-Other","CVE-1999-0827"
"1311","nvd@nist.gov","Primary","en","NVD-CWE-Other","CVE-1999-0829"
"1312","nvd@nist.gov","Primary","en","NVD-CWE-Other","CVE-1999-0830"
"1313","nvd@nist.gov","Primary","en","NVD-CWE-Other","CVE-1999-0854"
"1314","nvd@nist.gov","Primary","en","NVD-CWE-Other","CVE-1999-1077"
"1315","nvd@nist.gov","Primary","en","NVD-CWE-Other","CVE-1999-1517"
"1316","nvd@nist.gov","Primary","en","NVD-CWE-Other","CVE-1999-0946"
"1317","nvd@nist.gov","Primary","en","NVD-CWE-Other","CVE-1999-0947"
"1318","nvd@nist.gov","Primary","en","NVD-CWE-Other","CVE-1999-0948"
"1319","nvd@nist.gov","Primary","en","NVD-CWE-Other","CVE-1999-0949"
"1320","nvd@nist.gov","Primary","en","NVD-CWE-Other","CVE-1999-1531"
"1321","nvd@nist.gov","Primary","en","NVD-CWE-Other","CVE-1999-0885"
"1322","nvd@nist.gov","Primary","en","NVD-CWE-Other","CVE-1999-0885"
"1323","nvd@nist.gov","Primary","en","NVD-CWE-Other","CVE-1999-0904"
"1324","nvd@nist.gov","Primary","en","NVD-CWE-Other","CVE-1999-0843"
"1325","nvd@nist.gov","Primary","en","NVD-CWE-Other","CVE-1999-0887"
"1326","nvd@nist.gov","Primary","en","NVD-CWE-Other","CVE-1999-0896"
"1327","nvd@nist.gov","Primary","en","CWE-119","CVE-1999-0898"
"1328","nvd@nist.gov","Primary","en","CWE-264","CVE-1999-0899"
"1329","nvd@nist.gov","Primary","en","NVD-CWE-Other","CVE-1999-1065"
"1330","nvd@nist.gov","Primary","en","NVD-CWE-Other","CVE-1999-1340"
"1331","nvd@nist.gov","Primary","en","NVD-CWE-Other","CVE-1999-1509"
"1332","nvd@nist.gov","Primary","en","NVD-CWE-Other","CVE-1999-1571"
"1333","nvd@nist.gov","Primary","en","NVD-CWE-Other","CVE-1999-1529"
"1334","nvd@nist.gov","Primary","en","NVD-CWE-Other","CVE-1999-1533"
"1335","nvd@nist.gov","Primary","en","NVD-CWE-Other","CVE-1999-0821"
"1336","nvd@nist.gov","Primary","en","NVD-CWE-Other","CVE-1999-0863"
"1337","nvd@nist.gov","Primary","en","NVD-CWE-Other","CVE-1999-1530"
"1338","nvd@nist.gov","Primary","en","NVD-CWE-Other","CVE-1999-1550"
"1339","nvd@nist.gov","Primary","en","NVD-CWE-Other","CVE-2001-0679"
"1340","nvd@nist.gov","Primary","en","NVD-CWE-Other","CVE-1999-0832"
"1341","nvd@nist.gov","Primary","en","NVD-CWE-Other","CVE-1999-0983"
"1342","nvd@nist.gov","Primary","en","NVD-CWE-Other","CVE-1999-0984"
"1343","nvd@nist.gov","Primary","en","NVD-CWE-Other","CVE-1999-0985"
"1344","nvd@nist.gov","Primary","en","NVD-CWE-Other","CVE-1999-1111"
"1345","nvd@nist.gov","Primary","en","NVD-CWE-Other","CVE-1999-1112"
"1346","nvd@nist.gov","Primary","en","NVD-CWE-Other","CVE-1999-0833"
"1347","nvd@nist.gov","Primary","en","NVD-CWE-Other","CVE-1999-0835"
"1348","nvd@nist.gov","Primary","en","NVD-CWE-Other","CVE-1999-0837"
"1349","nvd@nist.gov","Primary","en","NVD-CWE-Other","CVE-1999-0848"
"1350","nvd@nist.gov","Primary","en","NVD-CWE-Other","CVE-1999-0849"
"1351","nvd@nist.gov","Primary","en","NVD-CWE-Other","CVE-1999-0851"
"1352","nvd@nist.gov","Primary","en","NVD-CWE-Other","CVE-1999-1511"
"1353","nvd@nist.gov","Primary","en","NVD-CWE-Other","CVE-1999-1539"
"1354","nvd@nist.gov","Primary","en","NVD-CWE-Other","CVE-2000-0329"
"1355","nvd@nist.gov","Primary","en","NVD-CWE-Other","CVE-1999-1050"
"1356","nvd@nist.gov","Primary","en","NVD-CWE-Other","CVE-2000-0330"
"1357","nvd@nist.gov","Primary","en","NVD-CWE-Other","CVE-2000-0165"
"1358","nvd@nist.gov","Primary","en","NVD-CWE-Other","CVE-1999-1110"
"1359","nvd@nist.gov","Primary","en","NVD-CWE-Other","CVE-1999-1528"
"1360","nvd@nist.gov","Primary","en","NVD-CWE-Other","CVE-1999-1190"
"1361","nvd@nist.gov","Primary","en","NVD-CWE-Other","CVE-1999-1051"
"1362","nvd@nist.gov","Primary","en","NVD-CWE-Other","CVE-1999-1457"
"1363","nvd@nist.gov","Primary","en","NVD-CWE-Other","CVE-1999-1508"
"1364","nvd@nist.gov","Primary","en","NVD-CWE-Other","CVE-1999-1549"
"1365","nvd@nist.gov","Primary","en","NVD-CWE-Other","CVE-1999-0793"
"1366","nvd@nist.gov","Primary","en","NVD-CWE-Other","CVE-1999-1092"
"1367","nvd@nist.gov","Primary","en","NVD-CWE-Other","CVE-1999-1519"
"1368","nvd@nist.gov","Primary","en","NVD-CWE-Other","CVE-2000-0073"
"1369","nvd@nist.gov","Primary","en","CWE-287","CVE-1999-0987"
"1370","nvd@nist.gov","Primary","en","NVD-CWE-Other","CVE-2000-0352"
"1371","nvd@nist.gov","Primary","en","NVD-CWE-Other","CVE-1999-0831"
"1372","nvd@nist.gov","Primary","en","CWE-20","CVE-1999-0999"
"1373","nvd@nist.gov","Primary","en","NVD-CWE-Other","CVE-1999-1475"
"1374","nvd@nist.gov","Primary","en","NVD-CWE-Other","CVE-1999-0818"
"1375","nvd@nist.gov","Primary","en","NVD-CWE-Other","CVE-1999-1058"
"1376","nvd@nist.gov","Primary","en","NVD-CWE-Other","CVE-1999-1527"
"1377","nvd@nist.gov","Primary","en","NVD-CWE-Other","CVE-2000-0531"
"1378","nvd@nist.gov","Primary","en","NVD-CWE-Other","CVE-1999-0844"
"1379","nvd@nist.gov","Primary","en","NVD-CWE-Other","CVE-1999-1163"
"1380","nvd@nist.gov","Primary","en","NVD-CWE-Other","CVE-1999-1189"
"1381","nvd@nist.gov","Primary","en","NVD-CWE-Other","CVE-1999-1548"
"1382","nvd@nist.gov","Primary","en","NVD-CWE-Other","CVE-1999-0317"
"1383","nvd@nist.gov","Primary","en","NVD-CWE-Other","CVE-1999-0845"
"1384","nvd@nist.gov","Primary","en","CWE-20","CVE-1999-1547"
"1385","nvd@nist.gov","Primary","en","CWE-255","CVE-1999-0387"
"1386","nvd@nist.gov","Primary","en","CWE-264","CVE-1999-0839"
"1387","nvd@nist.gov","Primary","en","NVD-CWE-Other","CVE-1999-0842"
"1388","nvd@nist.gov","Primary","en","NVD-CWE-Other","CVE-1999-0847"
"1389","nvd@nist.gov","Primary","en","NVD-CWE-Other","CVE-1999-0822"
"1390","nvd@nist.gov","Primary","en","NVD-CWE-Other","CVE-1999-0824"
"1391","nvd@nist.gov","Primary","en","NVD-CWE-Other","CVE-1999-0840"
"1392","nvd@nist.gov","Primary","en","NVD-CWE-Other","CVE-1999-0841"
"1393","nvd@nist.gov","Primary","en","NVD-CWE-Other","CVE-1999-0819"
"1394","nvd@nist.gov","Primary","en","NVD-CWE-Other","CVE-1999-0820"
"1395","nvd@nist.gov","Primary","en","NVD-CWE-Other","CVE-1999-0823"
"1396","nvd@nist.gov","Primary","en","NVD-CWE-Other","CVE-1999-0826"
"1397","nvd@nist.gov","Primary","en","NVD-CWE-Other","CVE-1999-0834"
"1398","nvd@nist.gov","Primary","en","NVD-CWE-Other","CVE-1999-0838"
"1399","nvd@nist.gov","Primary","en","NVD-CWE-Other","CVE-1999-0846"
"1400","nvd@nist.gov","Primary","en","NVD-CWE-Other","CVE-1999-0853"
"1401","nvd@nist.gov","Primary","en","NVD-CWE-Other","CVE-1999-0855"
"1402","nvd@nist.gov","Primary","en","NVD-CWE-Other","CVE-1999-0856"
"1403","nvd@nist.gov","Primary","en","NVD-CWE-Other","CVE-1999-0857"
"1404","nvd@nist.gov","Primary","en","NVD-CWE-Other","CVE-1999-0859"
"1405","nvd@nist.gov","Primary","en","NVD-CWE-Other","CVE-1999-0860"
"1406","nvd@nist.gov","Primary","en","NVD-CWE-Other","CVE-1999-0963"
"1407","nvd@nist.gov","Primary","en","NVD-CWE-Other","CVE-2000-0004"
"1408","nvd@nist.gov","Primary","en","NVD-CWE-Other","CVE-2000-0021"
"1409","nvd@nist.gov","Primary","en","NVD-CWE-Other","CVE-1999-0828"
"1410","nvd@nist.gov","Primary","en","NVD-CWE-Other","CVE-1999-0850"
"1411","nvd@nist.gov","Primary","en","NVD-CWE-Other","CVE-1999-0852"
"1412","nvd@nist.gov","Primary","en","CWE-16","CVE-1999-0858"
"1413","nvd@nist.gov","Primary","en","NVD-CWE-Other","CVE-1999-0862"
"1414","nvd@nist.gov","Primary","en","NVD-CWE-Other","CVE-2000-0366"
"1415","nvd@nist.gov","Primary","en","NVD-CWE-Other","CVE-2000-0366"
"1416","nvd@nist.gov","Primary","en","NVD-CWE-Other","CVE-1999-0825"
"1417","nvd@nist.gov","Primary","en","NVD-CWE-Other","CVE-1999-0864"
"1418","nvd@nist.gov","Primary","en","NVD-CWE-Other","CVE-1999-0865"
"1419","nvd@nist.gov","Primary","en","NVD-CWE-Other","CVE-1999-0866"
"1420","nvd@nist.gov","Primary","en","NVD-CWE-Other","CVE-2000-0139"
"1421","nvd@nist.gov","Primary","en","NVD-CWE-Other","CVE-2000-0357"
"1422","nvd@nist.gov","Primary","en","NVD-CWE-Other","CVE-2000-0358"
"1423","nvd@nist.gov","Primary","en","NVD-CWE-Other","CVE-1999-0988"
"1424","nvd@nist.gov","Primary","en","NVD-CWE-Other","CVE-1999-0982"
"1425","nvd@nist.gov","Primary","en","NVD-CWE-Other","CVE-1999-0990"
"1426","nvd@nist.gov","Primary","en","NVD-CWE-Other","CVE-1999-0989"
"1427","nvd@nist.gov","Primary","en","NVD-CWE-Other","CVE-1999-0991"
"1428","nvd@nist.gov","Primary","en","NVD-CWE-Other","CVE-1999-0973"
"1429","nvd@nist.gov","Primary","en","NVD-CWE-Other","CVE-1999-0976"
"1430","nvd@nist.gov","Primary","en","CWE-59","CVE-1999-0981"
"1431","nvd@nist.gov","Primary","en","NVD-CWE-Other","CVE-1999-0986"
"1432","nvd@nist.gov","Primary","en","NVD-CWE-Other","CVE-1999-0972"
"1433","nvd@nist.gov","Primary","en","NVD-CWE-Other","CVE-1999-0974"
"1434","nvd@nist.gov","Primary","en","NVD-CWE-Other","CVE-1999-0978"
"1435","nvd@nist.gov","Primary","en","NVD-CWE-Other","CVE-1999-0975"
"1436","nvd@nist.gov","Primary","en","NVD-CWE-Other","CVE-1999-0977"
"1437","nvd@nist.gov","Primary","en","NVD-CWE-noinfo","CVE-1999-0289"
"1438","nvd@nist.gov","Primary","en","NVD-CWE-Other","CVE-1999-1009"
"1439","nvd@nist.gov","Primary","en","CWE-665","CVE-1999-0993"
"1440","nvd@nist.gov","Primary","en","NVD-CWE-Other","CVE-1999-1003"
"1441","nvd@nist.gov","Primary","en","NVD-CWE-Other","CVE-1999-1007"
"1442","nvd@nist.gov","Primary","en","NVD-CWE-Other","CVE-1999-1010"
"1443","nvd@nist.gov","Primary","en","NVD-CWE-Other","CVE-2000-0068"
"1444","nvd@nist.gov","Primary","en","NVD-CWE-Other","CVE-2000-0361"
"1445","nvd@nist.gov","Primary","en","NVD-CWE-Other","CVE-2000-0361"
"1446","nvd@nist.gov","Primary","en","NVD-CWE-Other","CVE-1999-0934"
"1447","nvd@nist.gov","Primary","en","NVD-CWE-Other","CVE-1999-0935"
"1448","nvd@nist.gov","Primary","en","NVD-CWE-Other","CVE-1999-0996"
"1449","nvd@nist.gov","Primary","en","CWE-255","CVE-1999-0994"
"1450","nvd@nist.gov","Primary","en","CWE-20","CVE-1999-0995"
"1451","nvd@nist.gov","Primary","en","NVD-CWE-Other","CVE-1999-0998"
"1452","nvd@nist.gov","Primary","en","NVD-CWE-Other","CVE-1999-1000"
"1453","nvd@nist.gov","Primary","en","NVD-CWE-Other","CVE-1999-1001"
"1454","nvd@nist.gov","Primary","en","NVD-CWE-Other","CVE-1999-1004"
"1455","nvd@nist.gov","Primary","en","NVD-CWE-Other","CVE-1999-1005"
"1456","nvd@nist.gov","Primary","en","NVD-CWE-Other","CVE-1999-1006"
"1457","nvd@nist.gov","Primary","en","NVD-CWE-Other","CVE-1999-0997"
"1458","nvd@nist.gov","Primary","en","NVD-CWE-Other","CVE-2000-0020"
"1459","nvd@nist.gov","Primary","en","NVD-CWE-Other","CVE-1999-1497"
"1460","nvd@nist.gov","Primary","en","NVD-CWE-Other","CVE-2000-0017"
"1461","nvd@nist.gov","Primary","en","NVD-CWE-Other","CVE-2000-0022"
"1462","nvd@nist.gov","Primary","en","NVD-CWE-Other","CVE-2000-0023"
"1463","nvd@nist.gov","Primary","en","NVD-CWE-Other","CVE-2000-0024"
"1464","nvd@nist.gov","Primary","en","NVD-CWE-Other","CVE-2000-0025"
"1465","nvd@nist.gov","Primary","en","NVD-CWE-Other","CVE-2000-0026"
"1466","nvd@nist.gov","Primary","en","NVD-CWE-Other","CVE-1999-1066"
"1467","nvd@nist.gov","Primary","en","NVD-CWE-Other","CVE-1999-1109"
"1468","nvd@nist.gov","Primary","en","NVD-CWE-Other","CVE-2000-0002"
"1469","nvd@nist.gov","Primary","en","NVD-CWE-Other","CVE-2000-0018"
"1470","nvd@nist.gov","Primary","en","NVD-CWE-Other","CVE-2000-0030"
"1471","nvd@nist.gov","Primary","en","NVD-CWE-Other","CVE-2000-0032"
"1472","nvd@nist.gov","Primary","en","NVD-CWE-Other","CVE-2000-0034"
"1473","nvd@nist.gov","Primary","en","NVD-CWE-Other","CVE-2000-0036"
"1474","nvd@nist.gov","Primary","en","NVD-CWE-Other","CVE-2000-0119"
"1475","nvd@nist.gov","Primary","en","NVD-CWE-Other","CVE-2000-0001"
"1476","nvd@nist.gov","Primary","en","NVD-CWE-Other","CVE-2000-0028"
"1477","nvd@nist.gov","Primary","en","NVD-CWE-Other","CVE-2000-0038"
"1478","nvd@nist.gov","Primary","en","NVD-CWE-Other","CVE-2000-0040"
"1479","nvd@nist.gov","Primary","en","NVD-CWE-Other","CVE-1999-0892"
"1480","nvd@nist.gov","Primary","en","NVD-CWE-Other","CVE-1999-0455"
"1481","nvd@nist.gov","Primary","en","NVD-CWE-Other","CVE-1999-0477"
"1482","nvd@nist.gov","Primary","en","NVD-CWE-Other","CVE-2000-0006"
"1483","nvd@nist.gov","Primary","en","NVD-CWE-Other","CVE-2000-0008"
"1484","nvd@nist.gov","Primary","en","NVD-CWE-Other","CVE-2000-0010"
"1485","nvd@nist.gov","Primary","en","NVD-CWE-Other","CVE-2000-0012"
"1486","nvd@nist.gov","Primary","en","NVD-CWE-Other","CVE-2000-0027"
"1487","nvd@nist.gov","Primary","en","NVD-CWE-Other","CVE-2000-0029"
"1488","nvd@nist.gov","Primary","en","NVD-CWE-Other","CVE-2000-0033"
"1489","nvd@nist.gov","Primary","en","NVD-CWE-Other","CVE-2000-0060"
"1490","nvd@nist.gov","Primary","en","NVD-CWE-Other","CVE-1999-1573"
"1491","nvd@nist.gov","Primary","en","NVD-CWE-Other","CVE-2000-0014"
"1492","nvd@nist.gov","Primary","en","NVD-CWE-Other","CVE-2000-0035"
"1493","nvd@nist.gov","Primary","en","NVD-CWE-Other","CVE-2000-0037"
"1494","nvd@nist.gov","Primary","en","NVD-CWE-Other","CVE-2000-0041"
"1495","nvd@nist.gov","Primary","en","NVD-CWE-Other","CVE-2000-0007"
"1496","nvd@nist.gov","Primary","en","NVD-CWE-Other","CVE-2000-0009"
"1497","nvd@nist.gov","Primary","en","NVD-CWE-Other","CVE-2000-0039"
"1498","nvd@nist.gov","Primary","en","NVD-CWE-Other","CVE-2000-0042"
"1499","nvd@nist.gov","Primary","en","NVD-CWE-Other","CVE-2000-0100"
"1500","nvd@nist.gov","Primary","en","CWE-20","CVE-1999-0001"
"1501","nvd@nist.gov","Primary","en","CWE-20","CVE-1999-0001"
"1502","nvd@nist.gov","Primary","en","NVD-CWE-Other","CVE-2000-0003"
"1503","nvd@nist.gov","Primary","en","NVD-CWE-Other","CVE-2000-0043"
"1504","nvd@nist.gov","Primary","en","NVD-CWE-Other","CVE-2000-0076"
"1505","nvd@nist.gov","Primary","en","NVD-CWE-Other","CVE-1999-0154"
"1506","nvd@nist.gov","Primary","en","NVD-CWE-Other","CVE-1999-0808"
"1507","nvd@nist.gov","Primary","en","NVD-CWE-Other","CVE-1999-0815"
"1508","nvd@nist.gov","Primary","en","NVD-CWE-Other","CVE-1999-1035"
"1509","nvd@nist.gov","Primary","en","NVD-CWE-Other","CVE-1999-1042"
"1510","nvd@nist.gov","Primary","en","NVD-CWE-noinfo","CVE-1999-1043"
"1511","nvd@nist.gov","Primary","en","NVD-CWE-Other","CVE-1999-1055"
"1512","nvd@nist.gov","Primary","en","NVD-CWE-Other","CVE-1999-1074"
"1513","nvd@nist.gov","Primary","en","NVD-CWE-Other","CVE-1999-1084"
"1514","nvd@nist.gov","Primary","en","NVD-CWE-Other","CVE-1999-1087"
"1515","nvd@nist.gov","Primary","en","NVD-CWE-Other","CVE-1999-1093"
"1516","nvd@nist.gov","Primary","en","NVD-CWE-Other","CVE-1999-1094"
"1517","nvd@nist.gov","Primary","en","NVD-CWE-Other","CVE-1999-1100"
"1518","nvd@nist.gov","Primary","en","NVD-CWE-Other","CVE-1999-1102"
"1519","nvd@nist.gov","Primary","en","NVD-CWE-Other","CVE-1999-1104"
"1520","nvd@nist.gov","Primary","en","NVD-CWE-Other","CVE-1999-1105"
"1521","nvd@nist.gov","Primary","en","NVD-CWE-Other","CVE-1999-1117"
"1522","nvd@nist.gov","Primary","en","NVD-CWE-Other","CVE-1999-1124"
"1523","nvd@nist.gov","Primary","en","NVD-CWE-Other","CVE-1999-1126"
"1524","nvd@nist.gov","Primary","en","NVD-CWE-Other","CVE-1999-1127"
"1525","nvd@nist.gov","Primary","en","NVD-CWE-Other","CVE-1999-1132"
"1526","nvd@nist.gov","Primary","en","NVD-CWE-Other","CVE-1999-1148"
"1527","nvd@nist.gov","Primary","en","NVD-CWE-Other","CVE-1999-1157"
"1528","nvd@nist.gov","Primary","en","NVD-CWE-Other","CVE-1999-1167"
"1529","nvd@nist.gov","Primary","en","NVD-CWE-Other","CVE-1999-1175"
"1530","nvd@nist.gov","Primary","en","NVD-CWE-Other","CVE-1999-1177"
"1531","nvd@nist.gov","Primary","en","NVD-CWE-Other","CVE-1999-1206"
"1532","nvd@nist.gov","Primary","en","NVD-CWE-Other","CVE-1999-1222"
"1533","nvd@nist.gov","Primary","en","NVD-CWE-Other","CVE-1999-1223"
"1534","nvd@nist.gov","Primary","en","NVD-CWE-Other","CVE-1999-1233"
"1535","nvd@nist.gov","Primary","en","NVD-CWE-Other","CVE-1999-1246"
"1536","nvd@nist.gov","Primary","en","NVD-CWE-Other","CVE-1999-1259"
"1537","nvd@nist.gov","Primary","en","NVD-CWE-Other","CVE-1999-1279"
"1538","nvd@nist.gov","Primary","en","NVD-CWE-Other","CVE-1999-1287"
"1539","nvd@nist.gov","Primary","en","NVD-CWE-Other","CVE-1999-1290"
"1540","nvd@nist.gov","Primary","en","NVD-CWE-Other","CVE-1999-1293"
"1541","nvd@nist.gov","Primary","en","NVD-CWE-Other","CVE-1999-1294"
"1542","nvd@nist.gov","Primary","en","NVD-CWE-Other","CVE-1999-1300"
"1543","nvd@nist.gov","Primary","en","NVD-CWE-Other","CVE-1999-1307"
"1544","nvd@nist.gov","Primary","en","NVD-CWE-Other","CVE-1999-1315"
"1545","nvd@nist.gov","Primary","en","NVD-CWE-Other","CVE-1999-1316"
"1546","nvd@nist.gov","Primary","en","NVD-CWE-Other","CVE-1999-1317"
"1547","nvd@nist.gov","Primary","en","NVD-CWE-Other","CVE-1999-1320"
"1548","nvd@nist.gov","Primary","en","NVD-CWE-Other","CVE-1999-1324"
"1549","nvd@nist.gov","Primary","en","NVD-CWE-Other","CVE-1999-1325"
"1550","nvd@nist.gov","Primary","en","NVD-CWE-Other","CVE-1999-1327"
"1551","nvd@nist.gov","Primary","en","NVD-CWE-Other","CVE-1999-1328"
"1552","nvd@nist.gov","Primary","en","NVD-CWE-Other","CVE-1999-1329"
"1553","nvd@nist.gov","Primary","en","NVD-CWE-Other","CVE-1999-1330"
"1554","nvd@nist.gov","Primary","en","NVD-CWE-Other","CVE-1999-1331"
"1555","nvd@nist.gov","Primary","en","NVD-CWE-Other","CVE-1999-1332"
"1556","nvd@nist.gov","Primary","en","NVD-CWE-Other","CVE-1999-1333"
"1557","nvd@nist.gov","Primary","en","NVD-CWE-Other","CVE-1999-1334"
"1558","nvd@nist.gov","Primary","en","NVD-CWE-Other","CVE-1999-1335"
"1559","nvd@nist.gov","Primary","en","NVD-CWE-Other","CVE-1999-1339"
"1560","nvd@nist.gov","Primary","en","NVD-CWE-Other","CVE-1999-1355"
"1561","nvd@nist.gov","Primary","en","NVD-CWE-Other","CVE-1999-1358"
"1562","nvd@nist.gov","Primary","en","NVD-CWE-Other","CVE-1999-1359"
"1563","nvd@nist.gov","Primary","en","NVD-CWE-Other","CVE-1999-1360"
"1564","nvd@nist.gov","Primary","en","NVD-CWE-Other","CVE-1999-1362"
"1565","nvd@nist.gov","Primary","en","NVD-CWE-Other","CVE-1999-1363"
"1566","nvd@nist.gov","Primary","en","NVD-CWE-Other","CVE-1999-1364"
"1567","nvd@nist.gov","Primary","en","NVD-CWE-Other","CVE-1999-1379"
"1568","nvd@nist.gov","Primary","en","NVD-CWE-Other","CVE-1999-1382"
"1569","nvd@nist.gov","Primary","en","NVD-CWE-Other","CVE-1999-1386"
"1570","nvd@nist.gov","Primary","en","NVD-CWE-Other","CVE-1999-1444"
"1571","nvd@nist.gov","Primary","en","NVD-CWE-Other","CVE-1999-1451"
"1572","nvd@nist.gov","Primary","en","NVD-CWE-Other","CVE-1999-1452"
"1573","nvd@nist.gov","Primary","en","NVD-CWE-Other","CVE-1999-1455"
"1574","nvd@nist.gov","Primary","en","NVD-CWE-Other","CVE-1999-1456"
"1575","nvd@nist.gov","Primary","en","CWE-200","CVE-1999-1462"
"1576","nvd@nist.gov","Primary","en","NVD-CWE-Other","CVE-1999-1464"
"1577","nvd@nist.gov","Primary","en","NVD-CWE-Other","CVE-1999-1465"
"1578","nvd@nist.gov","Primary","en","NVD-CWE-Other","CVE-1999-1472"
"1579","nvd@nist.gov","Primary","en","NVD-CWE-Other","CVE-1999-1473"
"1580","nvd@nist.gov","Primary","en","NVD-CWE-Other","CVE-1999-1474"
"1581","nvd@nist.gov","Primary","en","NVD-CWE-Other","CVE-1999-1476"
"1582","nvd@nist.gov","Primary","en","NVD-CWE-Other","CVE-1999-1481"
"1583","nvd@nist.gov","Primary","en","NVD-CWE-Other","CVE-1999-1488"
"1584","nvd@nist.gov","Primary","en","NVD-CWE-Other","CVE-1999-1512"
"1585","nvd@nist.gov","Primary","en","NVD-CWE-Other","CVE-1999-1584"
"1586","nvd@nist.gov","Primary","en","NVD-CWE-Other","CVE-1999-1585"
"1587","nvd@nist.gov","Primary","en","NVD-CWE-Other","CVE-1999-1586"
"1588","nvd@nist.gov","Primary","en","NVD-CWE-Other","CVE-1999-1587"
"1589","nvd@nist.gov","Primary","en","NVD-CWE-Other","CVE-1999-1588"
"1590","nvd@nist.gov","Primary","en","NVD-CWE-noinfo","CVE-1999-1589"
"1591","nvd@nist.gov","Primary","en","NVD-CWE-Other","CVE-1999-1590"
"1592","nvd@nist.gov","Primary","en","NVD-CWE-Other","CVE-1999-1591"
"1593","nvd@nist.gov","Primary","en","NVD-CWE-Other","CVE-1999-1592"
"1594","nvd@nist.gov","Primary","en","NVD-CWE-Other","CVE-2000-0011"
"1595","nvd@nist.gov","Primary","en","NVD-CWE-Other","CVE-2000-0013"
"1596","nvd@nist.gov","Primary","en","NVD-CWE-Other","CVE-2000-0015"
"1597","nvd@nist.gov","Primary","en","NVD-CWE-Other","CVE-1999-0964"
"1598","nvd@nist.gov","Primary","en","NVD-CWE-Other","CVE-2000-0069"
"1599","nvd@nist.gov","Primary","en","NVD-CWE-Other","CVE-2000-0120"
"1600","nvd@nist.gov","Primary","en","NVD-CWE-Other","CVE-2000-0077"
"1601","nvd@nist.gov","Primary","en","NVD-CWE-Other","CVE-2000-0078"
"1602","nvd@nist.gov","Primary","en","NVD-CWE-Other","CVE-2000-0082"
"1603","nvd@nist.gov","Primary","en","NVD-CWE-Other","CVE-1999-0735"
"1604","nvd@nist.gov","Primary","en","NVD-CWE-Other","CVE-1999-0744"
"1605","nvd@nist.gov","Primary","en","CWE-119","CVE-1999-0876"
"1606","nvd@nist.gov","Primary","en","NVD-CWE-Other","CVE-1999-0894"
"1607","nvd@nist.gov","Primary","en","NVD-CWE-Other","CVE-2000-0049"
"1608","nvd@nist.gov","Primary","en","NVD-CWE-Other","CVE-2000-0050"
"1609","nvd@nist.gov","Primary","en","NVD-CWE-Other","CVE-2000-0051"
"1610","nvd@nist.gov","Primary","en","NVD-CWE-Other","CVE-2000-0052"
"1611","nvd@nist.gov","Primary","en","NVD-CWE-Other","CVE-2000-0053"
"1612","nvd@nist.gov","Primary","en","NVD-CWE-Other","CVE-2000-0057"
"1613","nvd@nist.gov","Primary","en","NVD-CWE-Other","CVE-2000-0059"
"1614","nvd@nist.gov","Primary","en","NVD-CWE-Other","CVE-2000-0062"
"1615","nvd@nist.gov","Primary","en","NVD-CWE-Other","CVE-2000-0085"
"1616","nvd@nist.gov","Primary","en","NVD-CWE-Other","CVE-2000-0056"
"1617","nvd@nist.gov","Primary","en","NVD-CWE-Other","CVE-2000-0058"
"1618","nvd@nist.gov","Primary","en","NVD-CWE-Other","CVE-2000-0044"
"1619","nvd@nist.gov","Primary","en","NVD-CWE-Other","CVE-2000-0055"
"1620","nvd@nist.gov","Primary","en","NVD-CWE-Other","CVE-2000-0084"
"1621","nvd@nist.gov","Primary","en","NVD-CWE-Other","CVE-2000-0061"
"1622","nvd@nist.gov","Primary","en","NVD-CWE-Other","CVE-2000-1220"
"1623","nvd@nist.gov","Primary","en","NVD-CWE-Other","CVE-2000-1221"
"1624","nvd@nist.gov","Primary","en","NVD-CWE-Other","CVE-2000-0046"
"1625","nvd@nist.gov","Primary","en","NVD-CWE-Other","CVE-2000-0080"
"1626","nvd@nist.gov","Primary","en","NVD-CWE-Other","CVE-2000-0081"
"1627","nvd@nist.gov","Primary","en","NVD-CWE-Other","CVE-2000-0045"
"1628","nvd@nist.gov","Primary","en","NVD-CWE-Other","CVE-2000-0067"
"1629","nvd@nist.gov","Primary","en","NVD-CWE-Other","CVE-2000-0071"
"1630","nvd@nist.gov","Primary","en","NVD-CWE-Other","CVE-2000-0074"
"1631","nvd@nist.gov","Primary","en","NVD-CWE-Other","CVE-1999-1002"
"1632","nvd@nist.gov","Primary","en","NVD-CWE-Other","CVE-2000-0048"
"1633","nvd@nist.gov","Primary","en","NVD-CWE-Other","CVE-2000-0070"
"1634","nvd@nist.gov","Primary","en","NVD-CWE-Other","CVE-2000-0087"
"1635","nvd@nist.gov","Primary","en","NVD-CWE-Other","CVE-2000-0066"
"1636","nvd@nist.gov","Primary","en","NVD-CWE-Other","CVE-2000-0075"
"1637","nvd@nist.gov","Primary","en","NVD-CWE-Other","CVE-2000-0063"
"1638","nvd@nist.gov","Primary","en","NVD-CWE-Other","CVE-2000-0064"
"1639","nvd@nist.gov","Primary","en","NVD-CWE-Other","CVE-2000-0065"
"1640","nvd@nist.gov","Primary","en","NVD-CWE-Other","CVE-2000-0072"
"1641","nvd@nist.gov","Primary","en","NVD-CWE-Other","CVE-2000-0090"
"1642","nvd@nist.gov","Primary","en","NVD-CWE-Other","CVE-1999-0992"
"1643","nvd@nist.gov","Primary","en","NVD-CWE-Other","CVE-2000-0079"
"1644","nvd@nist.gov","Primary","en","NVD-CWE-Other","CVE-2000-0086"
"1645","nvd@nist.gov","Primary","en","NVD-CWE-Other","CVE-2000-0099"
"1646","nvd@nist.gov","Primary","en","NVD-CWE-Other","CVE-2000-0092"
"1647","nvd@nist.gov","Primary","en","NVD-CWE-Other","CVE-1999-0595"
"1648","nvd@nist.gov","Primary","en","NVD-CWE-Other","CVE-2000-0088"
"1649","nvd@nist.gov","Primary","en","NVD-CWE-Other","CVE-2000-0091"
"1650","nvd@nist.gov","Primary","en","NVD-CWE-Other","CVE-2000-0093"
"1651","nvd@nist.gov","Primary","en","NVD-CWE-Other","CVE-2000-0115"
"1652","nvd@nist.gov","Primary","en","NVD-CWE-Other","CVE-2000-0095"
"1653","nvd@nist.gov","Primary","en","NVD-CWE-Other","CVE-2000-0096"
"1654","nvd@nist.gov","Primary","en","NVD-CWE-Other","CVE-2000-0097"
"1655","nvd@nist.gov","Primary","en","NVD-CWE-Other","CVE-2000-0098"
"1656","nvd@nist.gov","Primary","en","NVD-CWE-Other","CVE-2000-0126"
"1657","nvd@nist.gov","Primary","en","NVD-CWE-Other","CVE-2000-0113"
"1658","nvd@nist.gov","Primary","en","NVD-CWE-Other","CVE-2000-0130"
"1659","nvd@nist.gov","Primary","en","CWE-120","CVE-2000-1216"
"1660","nvd@nist.gov","Primary","en","NVD-CWE-Other","CVE-2000-0111"
"1661","nvd@nist.gov","Primary","en","NVD-CWE-Other","CVE-2000-0116"
"1662","nvd@nist.gov","Primary","en","NVD-CWE-Other","CVE-2000-0117"
"1663","nvd@nist.gov","Primary","en","NVD-CWE-Other","CVE-2000-0109"
"1664","nvd@nist.gov","Primary","en","CWE-200","CVE-2000-0132"
"1665","nvd@nist.gov","Primary","en","NVD-CWE-Other","CVE-2000-0101"
"1666","nvd@nist.gov","Primary","en","NVD-CWE-Other","CVE-2000-0102"
"1667","nvd@nist.gov","Primary","en","NVD-CWE-Other","CVE-2000-0103"
"1668","nvd@nist.gov","Primary","en","NVD-CWE-Other","CVE-2000-0104"
"1669","nvd@nist.gov","Primary","en","NVD-CWE-Other","CVE-2000-0105"
"1670","nvd@nist.gov","Primary","en","NVD-CWE-Other","CVE-2000-0106"
"1671","nvd@nist.gov","Primary","en","NVD-CWE-Other","CVE-2000-0107"
"1672","nvd@nist.gov","Primary","en","NVD-CWE-Other","CVE-2000-0108"
"1673","nvd@nist.gov","Primary","en","NVD-CWE-Other","CVE-2000-0110"
"1674","nvd@nist.gov","Primary","en","NVD-CWE-Other","CVE-2000-0121"
"1675","nvd@nist.gov","Primary","en","NVD-CWE-Other","CVE-2000-0123"
"1676","nvd@nist.gov","Primary","en","NVD-CWE-Other","CVE-2000-0131"
"1677","nvd@nist.gov","Primary","en","NVD-CWE-Other","CVE-2000-0133"
"1678","nvd@nist.gov","Primary","en","NVD-CWE-Other","CVE-2000-0134"
"1679","nvd@nist.gov","Primary","en","NVD-CWE-Other","CVE-2000-0135"
"1680","nvd@nist.gov","Primary","en","NVD-CWE-Other","CVE-2000-0136"
"1681","nvd@nist.gov","Primary","en","NVD-CWE-Other","CVE-2000-0137"
"1682","nvd@nist.gov","Primary","en","NVD-CWE-Other","CVE-2000-0151"
"1683","nvd@nist.gov","Primary","en","NVD-CWE-Other","CVE-2000-0157"
"1684","nvd@nist.gov","Primary","en","CWE-79","CVE-2000-1205"
"1685","nvd@nist.gov","Primary","en","NVD-CWE-Other","CVE-2000-0112"
"1686","nvd@nist.gov","Primary","en","NVD-CWE-Other","CVE-2000-0114"
"1687","nvd@nist.gov","Primary","en","NVD-CWE-Other","CVE-2000-0469"
"1688","nvd@nist.gov","Primary","en","NVD-CWE-Other","CVE-2000-0122"
"1689","nvd@nist.gov","Primary","en","NVD-CWE-Other","CVE-2000-0124"
"1690","nvd@nist.gov","Primary","en","NVD-CWE-Other","CVE-2000-0125"
"1691","nvd@nist.gov","Primary","en","NVD-CWE-Other","CVE-2000-0127"
"1692","nvd@nist.gov","Primary","en","NVD-CWE-Other","CVE-2000-0218"
"1693","nvd@nist.gov","Primary","en","NVD-CWE-Other","CVE-2000-0089"
"1694","nvd@nist.gov","Primary","en","NVD-CWE-Other","CVE-2000-0128"
"1695","nvd@nist.gov","Primary","en","NVD-CWE-Other","CVE-2000-0129"
"1696","nvd@nist.gov","Primary","en","NVD-CWE-Other","CVE-2000-0145"
"1697","nvd@nist.gov","Primary","en","NVD-CWE-Other","CVE-2000-0472"
"1698","nvd@nist.gov","Primary","en","NVD-CWE-Other","CVE-2000-0144"
"1699","nvd@nist.gov","Primary","en","NVD-CWE-Other","CVE-2000-0146"
"1700","nvd@nist.gov","Primary","en","NVD-CWE-Other","CVE-2000-0147"
"1701","nvd@nist.gov","Primary","en","NVD-CWE-Other","CVE-2000-0148"
"1702","nvd@nist.gov","Primary","en","NVD-CWE-Other","CVE-2000-0149"
"1703","nvd@nist.gov","Primary","en","NVD-CWE-Other","CVE-2000-0215"
"1704","nvd@nist.gov","Primary","en","NVD-CWE-Other","CVE-2000-0140"
"1705","nvd@nist.gov","Primary","en","NVD-CWE-Other","CVE-2000-0141"
"1706","nvd@nist.gov","Primary","en","NVD-CWE-Other","CVE-2000-0142"
"1707","nvd@nist.gov","Primary","en","NVD-CWE-Other","CVE-2000-0143"
"1708","nvd@nist.gov","Primary","en","NVD-CWE-Other","CVE-2000-0150"
"1709","nvd@nist.gov","Primary","en","NVD-CWE-Other","CVE-2000-0197"
"1710","nvd@nist.gov","Primary","en","NVD-CWE-Other","CVE-2000-0167"
"1711","nvd@nist.gov","Primary","en","NVD-CWE-Other","CVE-2000-0222"
"1712","nvd@nist.gov","Primary","en","NVD-CWE-Other","CVE-2000-0222"
"1713","nvd@nist.gov","Primary","en","NVD-CWE-Other","CVE-2000-0224"
"1714","nvd@nist.gov","Primary","en","NVD-CWE-Other","CVE-2000-0094"
"1715","nvd@nist.gov","Primary","en","NVD-CWE-Other","CVE-2000-0154"
"1716","nvd@nist.gov","Primary","en","NVD-CWE-Other","CVE-2000-0156"
"1717","nvd@nist.gov","Primary","en","NVD-CWE-Other","CVE-2000-0158"
"1718","nvd@nist.gov","Primary","en","NVD-CWE-Other","CVE-2000-0159"
"1719","nvd@nist.gov","Primary","en","CWE-94","CVE-2000-0155"
"1720","nvd@nist.gov","Primary","en","NVD-CWE-Other","CVE-2000-0161"
"1721","nvd@nist.gov","Primary","en","NVD-CWE-Other","CVE-2000-0162"
"1722","nvd@nist.gov","Primary","en","NVD-CWE-Other","CVE-2000-0164"
"1723","nvd@nist.gov","Primary","en","NVD-CWE-Other","CVE-2000-0160"
"1724","nvd@nist.gov","Primary","en","NVD-CWE-Other","CVE-2000-0163"
"1725","nvd@nist.gov","Primary","en","NVD-CWE-Other","CVE-2000-0166"
"1726","nvd@nist.gov","Primary","en","NVD-CWE-Other","CVE-2000-0210"
"1727","nvd@nist.gov","Primary","en","NVD-CWE-Other","CVE-2000-0182"
"1728","nvd@nist.gov","Primary","en","NVD-CWE-Other","CVE-2000-0211"
"1729","nvd@nist.gov","Primary","en","NVD-CWE-Other","CVE-2000-0213"
"1730","nvd@nist.gov","Primary","en","CWE-264","CVE-2000-0219"
"1731","nvd@nist.gov","Primary","en","NVD-CWE-Other","CVE-2000-0194"
"1732","nvd@nist.gov","Primary","en","NVD-CWE-Other","CVE-2000-0195"
"1733","nvd@nist.gov","Primary","en","NVD-CWE-Other","CVE-2000-0212"
"1734","nvd@nist.gov","Primary","en","NVD-CWE-Other","CVE-2000-0214"
"1735","nvd@nist.gov","Primary","en","NVD-CWE-Other","CVE-2000-0217"
"1736","nvd@nist.gov","Primary","en","NVD-CWE-Other","CVE-2000-0220"
"1737","nvd@nist.gov","Primary","en","NVD-CWE-Other","CVE-2000-0221"
"1738","nvd@nist.gov","Primary","en","NVD-CWE-Other","CVE-2000-0170"
"1739","nvd@nist.gov","Primary","en","NVD-CWE-Other","CVE-2000-0187"
"1740","nvd@nist.gov","Primary","en","NVD-CWE-Other","CVE-2000-0188"
"1741","nvd@nist.gov","Primary","en","NVD-CWE-Other","CVE-2000-0209"
"1742","nvd@nist.gov","Primary","en","NVD-CWE-Other","CVE-2000-0178"
"1743","nvd@nist.gov","Primary","en","NVD-CWE-Other","CVE-2000-0179"
"1744","nvd@nist.gov","Primary","en","NVD-CWE-Other","CVE-2000-0186"
"1745","nvd@nist.gov","Primary","en","NVD-CWE-Other","CVE-2000-0196"
"1746","nvd@nist.gov","Primary","en","NVD-CWE-Other","CVE-2000-0203"
"1747","nvd@nist.gov","Primary","en","NVD-CWE-Other","CVE-2000-0204"
"1748","nvd@nist.gov","Primary","en","NVD-CWE-Other","CVE-2000-0176"
"1749","nvd@nist.gov","Primary","en","NVD-CWE-Other","CVE-2000-0191"
"1750","nvd@nist.gov","Primary","en","NVD-CWE-Other","CVE-2000-0208"
"1751","nvd@nist.gov","Primary","en","NVD-CWE-Other","CVE-2000-0216"
"1752","nvd@nist.gov","Primary","en","NVD-CWE-Other","CVE-2000-0189"
"1753","nvd@nist.gov","Primary","en","NVD-CWE-Other","CVE-2000-0201"
"1754","nvd@nist.gov","Primary","en","NVD-CWE-Other","CVE-2000-0207"
"1755","nvd@nist.gov","Primary","en","NVD-CWE-Other","CVE-1999-0693"
"1756","nvd@nist.gov","Primary","en","NVD-CWE-Other","CVE-2000-0177"
"1757","nvd@nist.gov","Primary","en","NVD-CWE-Other","CVE-2000-0190"
"1758","nvd@nist.gov","Primary","en","NVD-CWE-Other","CVE-2000-0193"
"1759","nvd@nist.gov","Primary","en","NVD-CWE-Other","CVE-2000-0172"
"1760","nvd@nist.gov","Primary","en","NVD-CWE-Other","CVE-2000-0205"
"1761","nvd@nist.gov","Primary","en","NVD-CWE-Other","CVE-2000-0168"
"1762","nvd@nist.gov","Primary","en","NVD-CWE-Other","CVE-2000-0192"
"1763","nvd@nist.gov","Primary","en","NVD-CWE-Other","CVE-2000-0206"
"1764","nvd@nist.gov","Primary","en","NVD-CWE-Other","CVE-2000-0200"
"1765","nvd@nist.gov","Primary","en","NVD-CWE-Other","CVE-2000-0225"
"1766","nvd@nist.gov","Primary","en","NVD-CWE-Other","CVE-2000-0185"
"1767","nvd@nist.gov","Primary","en","NVD-CWE-Other","CVE-2000-0202"
"1768","nvd@nist.gov","Primary","en","NVD-CWE-Other","CVE-2000-0174"
"1769","nvd@nist.gov","Primary","en","NVD-CWE-Other","CVE-2000-0175"
"1770","nvd@nist.gov","Primary","en","NVD-CWE-Other","CVE-2000-0184"
"1771","nvd@nist.gov","Primary","en","NVD-CWE-Other","CVE-2000-0173"
"1772","nvd@nist.gov","Primary","en","NVD-CWE-Other","CVE-2000-0183"
"1773","nvd@nist.gov","Primary","en","NVD-CWE-Other","CVE-2000-0223"
"1774","nvd@nist.gov","Primary","en","NVD-CWE-Other","CVE-2000-0171"
"1775","nvd@nist.gov","Primary","en","NVD-CWE-Other","CVE-2000-0181"
"1776","nvd@nist.gov","Primary","en","NVD-CWE-Other","CVE-2000-0237"
"1777","nvd@nist.gov","Primary","en","NVD-CWE-Other","CVE-2000-0230"
"1778","nvd@nist.gov","Primary","en","NVD-CWE-Other","CVE-2000-0180"
"1779","nvd@nist.gov","Primary","en","NVD-CWE-Other","CVE-2000-0199"
"1780","nvd@nist.gov","Primary","en","NVD-CWE-Other","CVE-2000-0169"
"1781","nvd@nist.gov","Primary","en","NVD-CWE-Other","CVE-2000-0198"
"1782","nvd@nist.gov","Primary","en","NVD-CWE-Other","CVE-2000-0233"
"1783","nvd@nist.gov","Primary","en","NVD-CWE-Other","CVE-2000-0239"
"1784","nvd@nist.gov","Primary","en","NVD-CWE-Other","CVE-2000-0231"
"1785","nvd@nist.gov","Primary","en","NVD-CWE-Other","CVE-2000-0228"
"1786","nvd@nist.gov","Primary","en","NVD-CWE-Other","CVE-2000-0236"
"1787","nvd@nist.gov","Primary","en","NVD-CWE-Other","CVE-2000-0238"
"1788","nvd@nist.gov","Primary","en","NVD-CWE-Other","CVE-2000-0226"
"1789","nvd@nist.gov","Primary","en","NVD-CWE-Other","CVE-2000-0613"
"1790","nvd@nist.gov","Primary","en","NVD-CWE-Other","CVE-2000-0240"
"1791","nvd@nist.gov","Primary","en","NVD-CWE-Other","CVE-2000-0241"
"1792","nvd@nist.gov","Primary","en","NVD-CWE-Other","CVE-2000-0229"
"1793","nvd@nist.gov","Primary","en","NVD-CWE-Other","CVE-2000-0247"
"1794","nvd@nist.gov","Primary","en","NVD-CWE-Other","CVE-2000-0227"
"1795","nvd@nist.gov","Primary","en","NVD-CWE-Other","CVE-2000-0242"
"1796","nvd@nist.gov","Primary","en","NVD-CWE-Other","CVE-2000-0243"
"1797","nvd@nist.gov","Primary","en","NVD-CWE-Other","CVE-2000-0281"
"1798","nvd@nist.gov","Primary","en","NVD-CWE-Other","CVE-2000-0235"
"1799","nvd@nist.gov","Primary","en","NVD-CWE-Other","CVE-2000-0245"
"1800","nvd@nist.gov","Primary","en","NVD-CWE-Other","CVE-2000-0289"
"1801","nvd@nist.gov","Primary","en","NVD-CWE-Other","CVE-2000-0244"
"1802","nvd@nist.gov","Primary","en","NVD-CWE-Other","CVE-2000-0152"
"1803","nvd@nist.gov","Primary","en","NVD-CWE-Other","CVE-2000-0232"
"1804","nvd@nist.gov","Primary","en","NVD-CWE-Other","CVE-2000-0246"
"1805","nvd@nist.gov","Primary","en","NVD-CWE-Other","CVE-2000-0234"
"1806","nvd@nist.gov","Primary","en","NVD-CWE-Other","CVE-2000-0290"
"1807","nvd@nist.gov","Primary","en","NVD-CWE-Other","CVE-2000-0296"
"1808","nvd@nist.gov","Primary","en","NVD-CWE-Other","CVE-2000-0302"
"1809","nvd@nist.gov","Primary","en","NVD-CWE-Other","CVE-1999-0790"
"1810","nvd@nist.gov","Primary","en","CWE-254","CVE-2000-0277"
"1811","nvd@nist.gov","Primary","en","NVD-CWE-Other","CVE-2000-0280"
"1812","nvd@nist.gov","Primary","en","NVD-CWE-Other","CVE-2000-0297"
"1813","nvd@nist.gov","Primary","en","NVD-CWE-Other","CVE-2000-0634"
"1814","nvd@nist.gov","Primary","en","NVD-CWE-Other","CVE-2000-0299"
"1815","nvd@nist.gov","Primary","en","NVD-CWE-Other","CVE-2000-0255"
"1816","nvd@nist.gov","Primary","en","NVD-CWE-Other","CVE-2000-0251"
"1817","nvd@nist.gov","Primary","en","NVD-CWE-Other","CVE-2000-0300"
"1818","nvd@nist.gov","Primary","en","NVD-CWE-Other","CVE-2000-0301"
"1819","nvd@nist.gov","Primary","en","NVD-CWE-Other","CVE-2000-0279"
"1820","nvd@nist.gov","Primary","en","NVD-CWE-Other","CVE-2000-0298"
"1821","nvd@nist.gov","Primary","en","NVD-CWE-Other","CVE-2000-0273"
"1822","nvd@nist.gov","Primary","en","NVD-CWE-Other","CVE-2000-0274"
"1823","nvd@nist.gov","Primary","en","NVD-CWE-Other","CVE-2000-0275"
"1824","nvd@nist.gov","Primary","en","NVD-CWE-Other","CVE-2000-0276"
"1825","nvd@nist.gov","Primary","en","NVD-CWE-Other","CVE-2000-0294"
"1826","nvd@nist.gov","Primary","en","NVD-CWE-Other","CVE-1999-0695"
"1827","nvd@nist.gov","Primary","en","NVD-CWE-Other","CVE-1999-0699"
"1828","nvd@nist.gov","Primary","en","CWE-16","CVE-1999-0701"
"1829","nvd@nist.gov","Primary","en","NVD-CWE-Other","CVE-1999-0979"
"1830","nvd@nist.gov","Primary","en","NVD-CWE-Other","CVE-2000-0252"
"1831","nvd@nist.gov","Primary","en","NVD-CWE-Other","CVE-2000-0253"
"1832","nvd@nist.gov","Primary","en","CWE-20","CVE-2000-0258"
"1833","nvd@nist.gov","Primary","en","CWE-20","CVE-2000-0258"
"1834","nvd@nist.gov","Primary","en","NVD-CWE-Other","CVE-2000-0259"
"1835","nvd@nist.gov","Primary","en","NVD-CWE-Other","CVE-2000-0261"
"1836","nvd@nist.gov","Primary","en","NVD-CWE-Other","CVE-2000-0262"
"1837","nvd@nist.gov","Primary","en","NVD-CWE-Other","CVE-2000-0282"
"1838","nvd@nist.gov","Primary","en","NVD-CWE-Other","CVE-2000-0283"
"1839","nvd@nist.gov","Primary","en","NVD-CWE-Other","CVE-2000-0287"
"1840","nvd@nist.gov","Primary","en","NVD-CWE-Other","CVE-2000-0288"
"1841","nvd@nist.gov","Primary","en","NVD-CWE-Other","CVE-2000-0250"
"1842","nvd@nist.gov","Primary","en","NVD-CWE-Other","CVE-2000-0254"
"1843","nvd@nist.gov","Primary","en","NVD-CWE-Other","CVE-2000-0260"
"1844","nvd@nist.gov","Primary","en","NVD-CWE-Other","CVE-2000-1218"
"1845","nvd@nist.gov","Primary","en","NVD-CWE-Other","CVE-2000-0263"
"1846","nvd@nist.gov","Primary","en","NVD-CWE-Other","CVE-2000-0284"
"1847","nvd@nist.gov","Primary","en","NVD-CWE-Other","CVE-2000-0285"
"1848","nvd@nist.gov","Primary","en","NVD-CWE-Other","CVE-2000-0286"
"1849","nvd@nist.gov","Primary","en","NVD-CWE-Other","CVE-2000-0291"
"1850","nvd@nist.gov","Primary","en","NVD-CWE-Other","CVE-2000-0264"
"1851","nvd@nist.gov","Primary","en","NVD-CWE-Other","CVE-2000-0265"
"1852","nvd@nist.gov","Primary","en","NVD-CWE-Other","CVE-2000-0083"
"1853","nvd@nist.gov","Primary","en","NVD-CWE-Other","CVE-2000-0266"
"1854","nvd@nist.gov","Primary","en","NVD-CWE-Other","CVE-2000-0269"
"1855","nvd@nist.gov","Primary","en","NVD-CWE-Other","CVE-2000-0270"
"1856","nvd@nist.gov","Primary","en","NVD-CWE-Other","CVE-2000-0271"
"1857","nvd@nist.gov","Primary","en","NVD-CWE-Other","CVE-2000-0256"
"1858","nvd@nist.gov","Primary","en","NVD-CWE-Other","CVE-2000-0257"
"1859","nvd@nist.gov","Primary","en","NVD-CWE-Other","CVE-2000-0292"
"1860","nvd@nist.gov","Primary","en","NVD-CWE-Other","CVE-2000-0267"
"1861","nvd@nist.gov","Primary","en","NVD-CWE-Other","CVE-2000-0268"
"1862","nvd@nist.gov","Primary","en","NVD-CWE-Other","CVE-2000-0272"
"1863","nvd@nist.gov","Primary","en","NVD-CWE-Other","CVE-2000-0311"
"1864","nvd@nist.gov","Primary","en","NVD-CWE-Other","CVE-2000-0331"
"1865","nvd@nist.gov","Primary","en","NVD-CWE-Other","CVE-2000-0295"
"1866","nvd@nist.gov","Primary","en","NVD-CWE-Other","CVE-2000-0318"
"1867","nvd@nist.gov","Primary","en","NVD-CWE-Other","CVE-2000-0320"
"1868","nvd@nist.gov","Primary","en","NVD-CWE-Other","CVE-2000-0336"
"1869","nvd@nist.gov","Primary","en","NVD-CWE-Other","CVE-2000-0458"
"1870","nvd@nist.gov","Primary","en","NVD-CWE-Other","CVE-2000-0459"
"1871","nvd@nist.gov","Primary","en","NVD-CWE-Other","CVE-2000-0319"
"1872","nvd@nist.gov","Primary","en","NVD-CWE-Other","CVE-2000-0338"
"1873","nvd@nist.gov","Primary","en","NVD-CWE-Other","CVE-2000-0248"
"1874","nvd@nist.gov","Primary","en","NVD-CWE-Other","CVE-2000-0316"
"1875","nvd@nist.gov","Primary","en","NVD-CWE-Other","CVE-2000-0317"
"1876","nvd@nist.gov","Primary","en","NVD-CWE-Other","CVE-2000-0321"
"1877","nvd@nist.gov","Primary","en","NVD-CWE-Other","CVE-2000-0322"
"1878","nvd@nist.gov","Primary","en","NVD-CWE-Other","CVE-2000-0334"
"1879","nvd@nist.gov","Primary","en","NVD-CWE-Other","CVE-2000-0337"
"1880","nvd@nist.gov","Primary","en","NVD-CWE-Other","CVE-2000-0339"
"1881","nvd@nist.gov","Primary","en","NVD-CWE-Other","CVE-2000-0324"
"1882","nvd@nist.gov","Primary","en","NVD-CWE-Other","CVE-2000-0326"
"1883","nvd@nist.gov","Primary","en","NVD-CWE-Other","CVE-2000-0249"
"1884","nvd@nist.gov","Primary","en","CWE-20","CVE-2000-0380"
"1885","nvd@nist.gov","Primary","en","NVD-CWE-Other","CVE-1999-0706"
"1886","nvd@nist.gov","Primary","en","NVD-CWE-Other","CVE-2000-0429"
"1887","nvd@nist.gov","Primary","en","NVD-CWE-Other","CVE-2000-0342"
"1888","nvd@nist.gov","Primary","en","NVD-CWE-Other","CVE-2000-0340"
"1889","nvd@nist.gov","Primary","en","NVD-CWE-Other","CVE-1999-0427"
"1890","nvd@nist.gov","Primary","en","NVD-CWE-Other","CVE-2000-0341"
"1891","nvd@nist.gov","Primary","en","NVD-CWE-Other","CVE-2000-0344"
"1892","nvd@nist.gov","Primary","en","NVD-CWE-Other","CVE-2000-0401"
"1893","nvd@nist.gov","Primary","en","NVD-CWE-Other","CVE-2000-0440"
"1894","nvd@nist.gov","Primary","en","NVD-CWE-Other","CVE-2000-0447"
"1895","nvd@nist.gov","Primary","en","NVD-CWE-Other","CVE-2000-0448"
"1896","nvd@nist.gov","Primary","en","NVD-CWE-Other","CVE-2000-0449"
"1897","nvd@nist.gov","Primary","en","NVD-CWE-Other","CVE-2000-0138"
"1898","nvd@nist.gov","Primary","en","NVD-CWE-Other","CVE-2000-0293"
"1899","nvd@nist.gov","Primary","en","NVD-CWE-Other","CVE-2000-0343"
"1900","nvd@nist.gov","Primary","en","NVD-CWE-Other","CVE-2000-0346"
"1901","nvd@nist.gov","Primary","en","NVD-CWE-Other","CVE-2000-0347"
"1902","nvd@nist.gov","Primary","en","NVD-CWE-Other","CVE-2000-0385"
"1903","nvd@nist.gov","Primary","en","NVD-CWE-Other","CVE-2000-0386"
"1904","nvd@nist.gov","Primary","en","NVD-CWE-Other","CVE-2000-0433"
"1905","nvd@nist.gov","Primary","en","NVD-CWE-Other","CVE-2000-0303"
"1906","nvd@nist.gov","Primary","en","NVD-CWE-Other","CVE-2000-0332"
"1907","nvd@nist.gov","Primary","en","NVD-CWE-Other","CVE-2000-0335"
"1908","nvd@nist.gov","Primary","en","NVD-CWE-Other","CVE-2000-0345"
"1909","nvd@nist.gov","Primary","en","NVD-CWE-Other","CVE-2000-0378"
"1910","nvd@nist.gov","Primary","en","NVD-CWE-Other","CVE-2000-0425"
"1911","nvd@nist.gov","Primary","en","NVD-CWE-Other","CVE-2000-0430"
"1912","nvd@nist.gov","Primary","en","NVD-CWE-Other","CVE-2000-0414"
"1913","nvd@nist.gov","Primary","en","NVD-CWE-Other","CVE-2000-0422"
"1914","nvd@nist.gov","Primary","en","NVD-CWE-Other","CVE-2000-0427"
"1915","nvd@nist.gov","Primary","en","NVD-CWE-Other","CVE-2000-0428"
"1916","nvd@nist.gov","Primary","en","NVD-CWE-Other","CVE-2000-0381"
"1917","nvd@nist.gov","Primary","en","NVD-CWE-Other","CVE-2000-0423"
"1918","nvd@nist.gov","Primary","en","NVD-CWE-Other","CVE-2000-0426"
"1919","nvd@nist.gov","Primary","en","NVD-CWE-Other","CVE-2000-0413"
"1920","nvd@nist.gov","Primary","en","NVD-CWE-Other","CVE-2000-0382"
"1921","nvd@nist.gov","Primary","en","NVD-CWE-Other","CVE-2000-0383"
"1922","nvd@nist.gov","Primary","en","NVD-CWE-Other","CVE-2000-0384"
"1923","nvd@nist.gov","Primary","en","NVD-CWE-Other","CVE-2000-0387"
"1924","nvd@nist.gov","Primary","en","NVD-CWE-Other","CVE-2000-0304"
"1925","nvd@nist.gov","Primary","en","NVD-CWE-Other","CVE-2000-0406"
"1926","nvd@nist.gov","Primary","en","NVD-CWE-Other","CVE-2000-0409"
"1927","nvd@nist.gov","Primary","en","NVD-CWE-Other","CVE-2000-0410"
"1928","nvd@nist.gov","Primary","en","NVD-CWE-Other","CVE-2000-0411"
"1929","nvd@nist.gov","Primary","en","NVD-CWE-Other","CVE-2000-0408"
"1930","nvd@nist.gov","Primary","en","NVD-CWE-Other","CVE-2000-0416"
"1931","nvd@nist.gov","Primary","en","NVD-CWE-Other","CVE-2000-0419"
"1932","nvd@nist.gov","Primary","en","NVD-CWE-Other","CVE-2000-0420"
"1933","nvd@nist.gov","Primary","en","NVD-CWE-Other","CVE-2000-0421"
"1934","nvd@nist.gov","Primary","en","NVD-CWE-Other","CVE-2000-0439"
"1935","nvd@nist.gov","Primary","en","NVD-CWE-Other","CVE-2000-0457"
"1936","nvd@nist.gov","Primary","en","NVD-CWE-Other","CVE-2000-0407"
"1937","nvd@nist.gov","Primary","en","NVD-CWE-Other","CVE-2000-0415"
"1938","nvd@nist.gov","Primary","en","CWE-20","CVE-2000-0400"
"1939","nvd@nist.gov","Primary","en","NVD-CWE-Other","CVE-2000-0434"
"1940","nvd@nist.gov","Primary","en","NVD-CWE-Other","CVE-2000-0435"
"1941","nvd@nist.gov","Primary","en","NVD-CWE-Other","CVE-2000-0397"
"1942","nvd@nist.gov","Primary","en","NVD-CWE-Other","CVE-2000-0424"
"1943","nvd@nist.gov","Primary","en","NVD-CWE-Other","CVE-1999-0980"
"1944","nvd@nist.gov","Primary","en","NVD-CWE-Other","CVE-2000-0379"
"1945","nvd@nist.gov","Primary","en","NVD-CWE-Other","CVE-2000-0389"
"1946","nvd@nist.gov","Primary","en","NVD-CWE-Other","CVE-2000-0390"
"1947","nvd@nist.gov","Primary","en","NVD-CWE-Other","CVE-2000-0391"
"1948","nvd@nist.gov","Primary","en","NVD-CWE-Other","CVE-2000-0392"
"1949","nvd@nist.gov","Primary","en","NVD-CWE-Other","CVE-2000-0393"
"1950","nvd@nist.gov","Primary","en","NVD-CWE-Other","CVE-2000-0395"
"1951","nvd@nist.gov","Primary","en","NVD-CWE-Other","CVE-2000-0405"
"1952","nvd@nist.gov","Primary","en","NVD-CWE-Other","CVE-2000-0432"
"1953","nvd@nist.gov","Primary","en","NVD-CWE-Other","CVE-1999-1008"
"1954","nvd@nist.gov","Primary","en","NVD-CWE-Other","CVE-2000-0350"
"1955","nvd@nist.gov","Primary","en","NVD-CWE-Other","CVE-2000-0417"
"1956","nvd@nist.gov","Primary","en","NVD-CWE-Other","CVE-2000-0464"
"1957","nvd@nist.gov","Primary","en","NVD-CWE-Other","CVE-2000-0465"
"1958","nvd@nist.gov","Primary","en","NVD-CWE-Other","CVE-2000-0394"
"1959","nvd@nist.gov","Primary","en","NVD-CWE-Other","CVE-2000-0437"
"1960","nvd@nist.gov","Primary","en","NVD-CWE-Other","CVE-2000-0450"
"1961","nvd@nist.gov","Primary","en","NVD-CWE-Other","CVE-2000-0452"
"1962","nvd@nist.gov","Primary","en","NVD-CWE-Other","CVE-2000-0453"
"1963","nvd@nist.gov","Primary","en","NVD-CWE-Other","CVE-2000-0463"
"1964","nvd@nist.gov","Primary","en","CWE-399","CVE-2000-0305"
"1965","nvd@nist.gov","Primary","en","NVD-CWE-Other","CVE-2000-0436"
"1966","nvd@nist.gov","Primary","en","NVD-CWE-Other","CVE-2000-0451"
"1967","nvd@nist.gov","Primary","en","NVD-CWE-Other","CVE-2000-0431"
"1968","nvd@nist.gov","Primary","en","NVD-CWE-Other","CVE-2000-0438"
"1969","nvd@nist.gov","Primary","en","NVD-CWE-Other","CVE-2000-0418"
"1970","nvd@nist.gov","Primary","en","NVD-CWE-Other","CVE-2000-0551"
"1971","nvd@nist.gov","Primary","en","NVD-CWE-Other","CVE-2000-0396"
"1972","nvd@nist.gov","Primary","en","NVD-CWE-Other","CVE-2000-0398"
"1973","nvd@nist.gov","Primary","en","NVD-CWE-Other","CVE-2000-0399"
"1974","nvd@nist.gov","Primary","en","NVD-CWE-Other","CVE-2000-0441"
"1975","nvd@nist.gov","Primary","en","NVD-CWE-Other","CVE-2000-0442"
"1976","nvd@nist.gov","Primary","en","NVD-CWE-Other","CVE-2000-0443"
"1977","nvd@nist.gov","Primary","en","NVD-CWE-Other","CVE-2000-0444"
"1978","nvd@nist.gov","Primary","en","NVD-CWE-Other","CVE-2000-0445"
"1979","nvd@nist.gov","Primary","en","NVD-CWE-Other","CVE-2000-0446"
"1980","nvd@nist.gov","Primary","en","NVD-CWE-Other","CVE-2000-0491"
"1981","nvd@nist.gov","Primary","en","NVD-CWE-Other","CVE-2000-0403"
"1982","nvd@nist.gov","Primary","en","NVD-CWE-Other","CVE-2000-0404"
"1983","nvd@nist.gov","Primary","en","NVD-CWE-Other","CVE-2000-0517"
"1984","nvd@nist.gov","Primary","en","NVD-CWE-Other","CVE-2000-0553"
"1985","nvd@nist.gov","Primary","en","NVD-CWE-Other","CVE-2000-0460"
"1986","nvd@nist.gov","Primary","en","NVD-CWE-Other","CVE-2000-0456"
"1987","nvd@nist.gov","Primary","en","NVD-CWE-Other","CVE-2000-0462"
"1988","nvd@nist.gov","Primary","en","NVD-CWE-Other","CVE-2000-0454"
"1989","nvd@nist.gov","Primary","en","NVD-CWE-Other","CVE-2000-0455"
"1990","nvd@nist.gov","Primary","en","NVD-CWE-Other","CVE-2000-0461"
"1991","nvd@nist.gov","Primary","en","NVD-CWE-Other","CVE-2000-0564"
